list_no,list_nm,child,child_len,parent,parent_len
SH001,임직원및설계사현황,A31,3,A3,2.0
SH001,임직원및설계사현황,A32,3,A3,2.0
SH001,임직원및설계사현황,A1,2,A,1.0
SH001,임직원및설계사현황,A2,2,A,1.0
SH001,임직원및설계사현황,A3,2,A,1.0
SH001,임직원및설계사현황,B1,2,B,1.0
SH001,임직원및설계사현황,B2,2,B,1.0
SH001,임직원및설계사현황,A,1,,
SH001,임직원및설계사현황,B,1,,
SH002,점포및대리점현황,A1,2,A,1.0
SH002,점포및대리점현황,A2,2,A,1.0
SH002,점포및대리점현황,A3,2,A,1.0
SH002,점포및대리점현황,A5,2,A,1.0
SH002,점포및대리점현황,B1,2,B,1.0
SH002,점포및대리점현황,B2,2,B,1.0
SH002,점포및대리점현황,A,1,,
SH002,점포및대리점현황,B,1,,
SH003,요약재무상태표(자산-전체(22.12월 이전)),A12B20,6,A12B2,5.0
SH003,요약재무상태표(자산-전체(22.12월 이전)),A12B21,6,A12B2,5.0
SH003,요약재무상태표(자산-전체(22.12월 이전)),A12B30,6,A12B3,5.0
SH003,요약재무상태표(자산-전체(22.12월 이전)),A12B31,6,A12B3,5.0
SH003,요약재무상태표(자산-전체(22.12월 이전)),A12B80,6,A12B8,5.0
SH003,요약재무상태표(자산-전체(22.12월 이전)),A12B81,6,A12B8,5.0
SH003,요약재무상태표(자산-전체(22.12월 이전)),A12B82,6,A12B8,5.0
SH003,요약재무상태표(자산-전체(22.12월 이전)),A12B83,6,A12B8,5.0
SH003,요약재무상태표(자산-전체(22.12월 이전)),A12B84,6,A12B8,5.0
SH003,요약재무상태표(자산-전체(22.12월 이전)),A12C20,6,A12C2,5.0
SH003,요약재무상태표(자산-전체(22.12월 이전)),A12C21,6,A12C2,5.0
SH003,요약재무상태표(자산-전체(22.12월 이전)),A12C70,6,A12C7,5.0
SH003,요약재무상태표(자산-전체(22.12월 이전)),A12C71,6,A12C7,5.0
SH003,요약재무상태표(자산-전체(22.12월 이전)),A12C72,6,A12C7,5.0
SH003,요약재무상태표(자산-전체(22.12월 이전)),A12C73,6,A12C7,5.0
SH003,요약재무상태표(자산-전체(22.12월 이전)),A12C74,6,A12C7,5.0
SH003,요약재무상태표(자산-전체(22.12월 이전)),A12D00,6,A12D0,5.0
SH003,요약재무상태표(자산-전체(22.12월 이전)),A12D01,6,A12D0,5.0
SH003,요약재무상태표(자산-전체(22.12월 이전)),A12D50,6,A12D5,5.0
SH003,요약재무상태표(자산-전체(22.12월 이전)),A12D51,6,A12D5,5.0
SH003,요약재무상태표(자산-전체(22.12월 이전)),A12D52,6,A12D5,5.0
SH003,요약재무상태표(자산-전체(22.12월 이전)),A12D53,6,A12D5,5.0
SH003,요약재무상태표(자산-전체(22.12월 이전)),A14221,6,A1422,5.0
SH003,요약재무상태표(자산-전체(22.12월 이전)),A14222,6,A1422,5.0
SH003,요약재무상태표(자산-전체(22.12월 이전)),A1100,5,A110,4.0
SH003,요약재무상태표(자산-전체(22.12월 이전)),A1101,5,A110,4.0
SH003,요약재무상태표(자산-전체(22.12월 이전)),A1102,5,A110,4.0
SH003,요약재무상태표(자산-전체(22.12월 이전)),A1103,5,A110,4.0
SH003,요약재무상태표(자산-전체(22.12월 이전)),A1104,5,A110,4.0
SH003,요약재무상태표(자산-전체(22.12월 이전)),A1105,5,A110,4.0
SH003,요약재무상태표(자산-전체(22.12월 이전)),A1106,5,A110,4.0
SH003,요약재무상태표(자산-전체(22.12월 이전)),A12B0,5,A12B,4.0
SH003,요약재무상태표(자산-전체(22.12월 이전)),A12B1,5,A12B,4.0
SH003,요약재무상태표(자산-전체(22.12월 이전)),A12B2,5,A12B,4.0
SH003,요약재무상태표(자산-전체(22.12월 이전)),A12B3,5,A12B,4.0
SH003,요약재무상태표(자산-전체(22.12월 이전)),A12B4,5,A12B,4.0
SH003,요약재무상태표(자산-전체(22.12월 이전)),A12B5,5,A12B,4.0
SH003,요약재무상태표(자산-전체(22.12월 이전)),A12B6,5,A12B,4.0
SH003,요약재무상태표(자산-전체(22.12월 이전)),A12B7,5,A12B,4.0
SH003,요약재무상태표(자산-전체(22.12월 이전)),A12B8,5,A12B,4.0
SH003,요약재무상태표(자산-전체(22.12월 이전)),A12B9,5,A12B,4.0
SH003,요약재무상태표(자산-전체(22.12월 이전)),A12C0,5,A12C,4.0
SH003,요약재무상태표(자산-전체(22.12월 이전)),A12C1,5,A12C,4.0
SH003,요약재무상태표(자산-전체(22.12월 이전)),A12C2,5,A12C,4.0
SH003,요약재무상태표(자산-전체(22.12월 이전)),A12C3,5,A12C,4.0
SH003,요약재무상태표(자산-전체(22.12월 이전)),A12C4,5,A12C,4.0
SH003,요약재무상태표(자산-전체(22.12월 이전)),A12C5,5,A12C,4.0
SH003,요약재무상태표(자산-전체(22.12월 이전)),A12C6,5,A12C,4.0
SH003,요약재무상태표(자산-전체(22.12월 이전)),A12C7,5,A12C,4.0
SH003,요약재무상태표(자산-전체(22.12월 이전)),A12C8,5,A12C,4.0
SH003,요약재무상태표(자산-전체(22.12월 이전)),A12D0,5,A12D,4.0
SH003,요약재무상태표(자산-전체(22.12월 이전)),A12D1,5,A12D,4.0
SH003,요약재무상태표(자산-전체(22.12월 이전)),A12D2,5,A12D,4.0
SH003,요약재무상태표(자산-전체(22.12월 이전)),A12D3,5,A12D,4.0
SH003,요약재무상태표(자산-전체(22.12월 이전)),A12D4,5,A12D,4.0
SH003,요약재무상태표(자산-전체(22.12월 이전)),A12D5,5,A12D,4.0
SH003,요약재무상태표(자산-전체(22.12월 이전)),A12D6,5,A12D,4.0
SH003,요약재무상태표(자산-전체(22.12월 이전)),A12E0,5,A12E,4.0
SH003,요약재무상태표(자산-전체(22.12월 이전)),A12E1,5,A12E,4.0
SH003,요약재무상태표(자산-전체(22.12월 이전)),A12E2,5,A12E,4.0
SH003,요약재무상태표(자산-전체(22.12월 이전)),A12E3,5,A12E,4.0
SH003,요약재무상태표(자산-전체(22.12월 이전)),A12E4,5,A12E,4.0
SH003,요약재무상태표(자산-전체(22.12월 이전)),A1421,5,A142,4.0
SH003,요약재무상태표(자산-전체(22.12월 이전)),A1422,5,A142,4.0
SH003,요약재무상태표(자산-전체(22.12월 이전)),A14A0,5,A14A,4.0
SH003,요약재무상태표(자산-전체(22.12월 이전)),A14A1,5,A14A,4.0
SH003,요약재무상태표(자산-전체(22.12월 이전)),A14A2,5,A14A,4.0
SH003,요약재무상태표(자산-전체(22.12월 이전)),A14A3,5,A14A,4.0
SH003,요약재무상태표(자산-전체(22.12월 이전)),A1530,5,A153,4.0
SH003,요약재무상태표(자산-전체(22.12월 이전)),A1540,5,A154,4.0
SH003,요약재무상태표(자산-전체(22.12월 이전)),A1550,5,A155,4.0
SH003,요약재무상태표(자산-전체(22.12월 이전)),A1551,5,A155,4.0
SH003,요약재무상태표(자산-전체(22.12월 이전)),A1552,5,A155,4.0
SH003,요약재무상태표(자산-전체(22.12월 이전)),A1553,5,A155,4.0
SH003,요약재무상태표(자산-전체(22.12월 이전)),A1554,5,A155,4.0
SH003,요약재무상태표(자산-전체(22.12월 이전)),A1570,5,A157,4.0
SH003,요약재무상태표(자산-전체(22.12월 이전)),A1580,5,A158,4.0
SH003,요약재무상태표(자산-전체(22.12월 이전)),A1581,5,A158,4.0
SH003,요약재무상태표(자산-전체(22.12월 이전)),A1582,5,A158,4.0
SH003,요약재무상태표(자산-전체(22.12월 이전)),A1583,5,A158,4.0
SH003,요약재무상태표(자산-전체(22.12월 이전)),A2I00,5,,
SH003,요약재무상태표(자산-전체(22.12월 이전)),A2I01,5,,
SH003,요약재무상태표(자산-전체(22.12월 이전)),A2I02,5,,
SH003,요약재무상태표(자산-전체(22.12월 이전)),A2I03,5,,
SH003,요약재무상태표(자산-전체(22.12월 이전)),A110,4,A11,3.0
SH003,요약재무상태표(자산-전체(22.12월 이전)),A111,4,A11,3.0
SH003,요약재무상태표(자산-전체(22.12월 이전)),A112,4,A11,3.0
SH003,요약재무상태표(자산-전체(22.12월 이전)),A113,4,A11,3.0
SH003,요약재무상태표(자산-전체(22.12월 이전)),A12B,4,A12,3.0
SH003,요약재무상태표(자산-전체(22.12월 이전)),A12C,4,A12,3.0
SH003,요약재무상태표(자산-전체(22.12월 이전)),A12D,4,A12,3.0
SH003,요약재무상태표(자산-전체(22.12월 이전)),A12E,4,A12,3.0
SH003,요약재무상태표(자산-전체(22.12월 이전)),A141,4,A14,3.0
SH003,요약재무상태표(자산-전체(22.12월 이전)),A142,4,A14,3.0
SH003,요약재무상태표(자산-전체(22.12월 이전)),A143,4,A14,3.0
SH003,요약재무상태표(자산-전체(22.12월 이전)),A144,4,A14,3.0
SH003,요약재무상태표(자산-전체(22.12월 이전)),A145,4,A14,3.0
SH003,요약재무상태표(자산-전체(22.12월 이전)),A146,4,A14,3.0
SH003,요약재무상태표(자산-전체(22.12월 이전)),A147,4,A14,3.0
SH003,요약재무상태표(자산-전체(22.12월 이전)),A148,4,A14,3.0
SH003,요약재무상태표(자산-전체(22.12월 이전)),A149,4,A14,3.0
SH003,요약재무상태표(자산-전체(22.12월 이전)),A14A,4,A14,3.0
SH003,요약재무상태표(자산-전체(22.12월 이전)),A14B,4,A14,3.0
SH003,요약재무상태표(자산-전체(22.12월 이전)),A151,4,A15,3.0
SH003,요약재무상태표(자산-전체(22.12월 이전)),A152,4,A15,3.0
SH003,요약재무상태표(자산-전체(22.12월 이전)),A153,4,A15,3.0
SH003,요약재무상태표(자산-전체(22.12월 이전)),A154,4,A15,3.0
SH003,요약재무상태표(자산-전체(22.12월 이전)),A155,4,A15,3.0
SH003,요약재무상태표(자산-전체(22.12월 이전)),A156,4,A15,3.0
SH003,요약재무상태표(자산-전체(22.12월 이전)),A157,4,A15,3.0
SH003,요약재무상태표(자산-전체(22.12월 이전)),A158,4,A15,3.0
SH003,요약재무상태표(자산-전체(22.12월 이전)),A210,4,A21,3.0
SH003,요약재무상태표(자산-전체(22.12월 이전)),A211,4,A21,3.0
SH003,요약재무상태표(자산-전체(22.12월 이전)),A212,4,A21,3.0
SH003,요약재무상태표(자산-전체(22.12월 이전)),A213,4,A21,3.0
SH003,요약재무상태표(자산-전체(22.12월 이전)),A214,4,A21,3.0
SH003,요약재무상태표(자산-전체(22.12월 이전)),A220,4,A22,3.0
SH003,요약재무상태표(자산-전체(22.12월 이전)),A230,4,A23,3.0
SH003,요약재무상태표(자산-전체(22.12월 이전)),A231,4,A23,3.0
SH003,요약재무상태표(자산-전체(22.12월 이전)),A232,4,A23,3.0
SH003,요약재무상태표(자산-전체(22.12월 이전)),A233,4,A23,3.0
SH003,요약재무상태표(자산-전체(22.12월 이전)),A234,4,A23,3.0
SH003,요약재무상태표(자산-전체(22.12월 이전)),A240,4,A24,3.0
SH003,요약재무상태표(자산-전체(22.12월 이전)),A280,4,A28,3.0
SH003,요약재무상태표(자산-전체(22.12월 이전)),A281,4,A28,3.0
SH003,요약재무상태표(자산-전체(22.12월 이전)),A290,4,A29,3.0
SH003,요약재무상태표(자산-전체(22.12월 이전)),A291,4,A29,3.0
SH003,요약재무상태표(자산-전체(22.12월 이전)),A292,4,A29,3.0
SH003,요약재무상태표(자산-전체(22.12월 이전)),A2C0,4,A2C,3.0
SH003,요약재무상태표(자산-전체(22.12월 이전)),A2D0,4,A2D,3.0
SH003,요약재무상태표(자산-전체(22.12월 이전)),A2G0,4,A2G,3.0
SH003,요약재무상태표(자산-전체(22.12월 이전)),A2G1,4,A2G,3.0
SH003,요약재무상태표(자산-전체(22.12월 이전)),A2G2,4,A2G,3.0
SH003,요약재무상태표(자산-전체(22.12월 이전)),A2G3,4,A2G,3.0
SH003,요약재무상태표(자산-전체(22.12월 이전)),A2G4,4,A2G,3.0
SH003,요약재무상태표(자산-전체(22.12월 이전)),A2G5,4,A2G,3.0
SH003,요약재무상태표(자산-전체(22.12월 이전)),A2G6,4,A2G,3.0
SH003,요약재무상태표(자산-전체(22.12월 이전)),A2H0,4,A2H,3.0
SH003,요약재무상태표(자산-전체(22.12월 이전)),A2H1,4,A2H,3.0
SH003,요약재무상태표(자산-전체(22.12월 이전)),A2H2,4,A2H,3.0
SH003,요약재무상태표(자산-전체(22.12월 이전)),A2H3,4,A2H,3.0
SH003,요약재무상태표(자산-전체(22.12월 이전)),A2H4,4,A2H,3.0
SH003,요약재무상태표(자산-전체(22.12월 이전)),A2Z0,4,A2Z,3.0
SH003,요약재무상태표(자산-전체(22.12월 이전)),A11,3,A1,2.0
SH003,요약재무상태표(자산-전체(22.12월 이전)),A12,3,A1,2.0
SH003,요약재무상태표(자산-전체(22.12월 이전)),A14,3,A1,2.0
SH003,요약재무상태표(자산-전체(22.12월 이전)),A15,3,A1,2.0
SH003,요약재무상태표(자산-전체(22.12월 이전)),A20,3,A2,2.0
SH003,요약재무상태표(자산-전체(22.12월 이전)),A21,3,A2,2.0
SH003,요약재무상태표(자산-전체(22.12월 이전)),A22,3,A2,2.0
SH003,요약재무상태표(자산-전체(22.12월 이전)),A23,3,A2,2.0
SH003,요약재무상태표(자산-전체(22.12월 이전)),A24,3,A2,2.0
SH003,요약재무상태표(자산-전체(22.12월 이전)),A25,3,A2,2.0
SH003,요약재무상태표(자산-전체(22.12월 이전)),A26,3,A2,2.0
SH003,요약재무상태표(자산-전체(22.12월 이전)),A27,3,A2,2.0
SH003,요약재무상태표(자산-전체(22.12월 이전)),A28,3,A2,2.0
SH003,요약재무상태표(자산-전체(22.12월 이전)),A29,3,A2,2.0
SH003,요약재무상태표(자산-전체(22.12월 이전)),A2A,3,A2,2.0
SH003,요약재무상태표(자산-전체(22.12월 이전)),A2B,3,A2,2.0
SH003,요약재무상태표(자산-전체(22.12월 이전)),A2C,3,A2,2.0
SH003,요약재무상태표(자산-전체(22.12월 이전)),A2D,3,A2,2.0
SH003,요약재무상태표(자산-전체(22.12월 이전)),A2E,3,A2,2.0
SH003,요약재무상태표(자산-전체(22.12월 이전)),A2F,3,A2,2.0
SH003,요약재무상태표(자산-전체(22.12월 이전)),A2G,3,A2,2.0
SH003,요약재무상태표(자산-전체(22.12월 이전)),A2H,3,A2,2.0
SH003,요약재무상태표(자산-전체(22.12월 이전)),A2I,3,A2,2.0
SH003,요약재무상태표(자산-전체(22.12월 이전)),A2J,3,A2,2.0
SH003,요약재무상태표(자산-전체(22.12월 이전)),A2K,3,A2,2.0
SH003,요약재무상태표(자산-전체(22.12월 이전)),A2Z,3,A2,2.0
SH003,요약재무상태표(자산-전체(22.12월 이전)),A31,3,A3,2.0
SH003,요약재무상태표(자산-전체(22.12월 이전)),A32,3,A3,2.0
SH003,요약재무상태표(자산-전체(22.12월 이전)),A33,3,A3,2.0
SH003,요약재무상태표(자산-전체(22.12월 이전)),A1,2,A,1.0
SH003,요약재무상태표(자산-전체(22.12월 이전)),A2,2,A,1.0
SH003,요약재무상태표(자산-전체(22.12월 이전)),A3,2,A,1.0
SH003,요약재무상태표(자산-전체(22.12월 이전)),A4,2,A,1.0
SH003,요약재무상태표(자산-전체(22.12월 이전)),AA,2,A,1.0
SH003,요약재무상태표(자산-전체(22.12월 이전)),AB,2,A,1.0
SH003,요약재무상태표(자산-전체(22.12월 이전)),AC,2,A,1.0
SH003,요약재무상태표(자산-전체(22.12월 이전)),AD,2,A,1.0
SH003,요약재무상태표(자산-전체(22.12월 이전)),AE,2,A,1.0
SH003,요약재무상태표(자산-전체(22.12월 이전)),AF,2,A,1.0
SH003,요약재무상태표(자산-전체(22.12월 이전)),AG,2,A,1.0
SH003,요약재무상태표(자산-전체(22.12월 이전)),AH,2,A,1.0
SH003,요약재무상태표(자산-전체(22.12월 이전)),AI,2,A,1.0
SH003,요약재무상태표(자산-전체(22.12월 이전)),AJ,2,A,1.0
SH003,요약재무상태표(자산-전체(22.12월 이전)),AK,2,A,1.0
SH003,요약재무상태표(자산-전체(22.12월 이전)),A,1,,
SH004,요약재무상태표(부채 및 자본(22.12월 이전)),A13K30,6,A13K3,5.0
SH004,요약재무상태표(부채 및 자본(22.12월 이전)),A13K31,6,A13K3,5.0
SH004,요약재무상태표(부채 및 자본(22.12월 이전)),A1151,5,A115,4.0
SH004,요약재무상태표(부채 및 자본(22.12월 이전)),A1152,5,A115,4.0
SH004,요약재무상태표(부채 및 자본(22.12월 이전)),A1153,5,A115,4.0
SH004,요약재무상태표(부채 및 자본(22.12월 이전)),A1154,5,A115,4.0
SH004,요약재무상태표(부채 및 자본(22.12월 이전)),A1155,5,A115,4.0
SH004,요약재무상태표(부채 및 자본(22.12월 이전)),A1156,5,A115,4.0
SH004,요약재무상태표(부채 및 자본(22.12월 이전)),A1190,5,A119,4.0
SH004,요약재무상태표(부채 및 자본(22.12월 이전)),A1191,5,A119,4.0
SH004,요약재무상태표(부채 및 자본(22.12월 이전)),A1192,5,A119,4.0
SH004,요약재무상태표(부채 및 자본(22.12월 이전)),A1193,5,A119,4.0
SH004,요약재무상태표(부채 및 자본(22.12월 이전)),A1194,5,A119,4.0
SH004,요약재무상태표(부채 및 자본(22.12월 이전)),A1310,5,A131,4.0
SH004,요약재무상태표(부채 및 자본(22.12월 이전)),A1311,5,A131,4.0
SH004,요약재무상태표(부채 및 자본(22.12월 이전)),A1312,5,A131,4.0
SH004,요약재무상태표(부채 및 자본(22.12월 이전)),A1313,5,A131,4.0
SH004,요약재무상태표(부채 및 자본(22.12월 이전)),A1370,5,A137,4.0
SH004,요약재무상태표(부채 및 자본(22.12월 이전)),A1371,5,A137,4.0
SH004,요약재무상태표(부채 및 자본(22.12월 이전)),A1372,5,A137,4.0
SH004,요약재무상태표(부채 및 자본(22.12월 이전)),A1373,5,A137,4.0
SH004,요약재무상태표(부채 및 자본(22.12월 이전)),A1374,5,A137,4.0
SH004,요약재무상태표(부채 및 자본(22.12월 이전)),A1380,5,A138,4.0
SH004,요약재무상태표(부채 및 자본(22.12월 이전)),A1381,5,A138,4.0
SH004,요약재무상태표(부채 및 자본(22.12월 이전)),A13H0,5,A13H,4.0
SH004,요약재무상태표(부채 및 자본(22.12월 이전)),A13H1,5,A13H,4.0
SH004,요약재무상태표(부채 및 자본(22.12월 이전)),A13H2,5,A13H,4.0
SH004,요약재무상태표(부채 및 자본(22.12월 이전)),A13H3,5,A13H,4.0
SH004,요약재무상태표(부채 및 자본(22.12월 이전)),A13J0,5,A13J,4.0
SH004,요약재무상태표(부채 및 자본(22.12월 이전)),A13K0,5,A13K,4.0
SH004,요약재무상태표(부채 및 자본(22.12월 이전)),A13K1,5,A13K,4.0
SH004,요약재무상태표(부채 및 자본(22.12월 이전)),A13K2,5,A13K,4.0
SH004,요약재무상태표(부채 및 자본(22.12월 이전)),A13K3,5,A13K,4.0
SH004,요약재무상태표(부채 및 자본(22.12월 이전)),A13N0,5,A13N,4.0
SH004,요약재무상태표(부채 및 자본(22.12월 이전)),A13N1,5,A13N,4.0
SH004,요약재무상태표(부채 및 자본(22.12월 이전)),A13N2,5,A13N,4.0
SH004,요약재무상태표(부채 및 자본(22.12월 이전)),A13N3,5,A13N,4.0
SH004,요약재무상태표(부채 및 자본(22.12월 이전)),A13N4,5,A13N,4.0
SH004,요약재무상태표(부채 및 자본(22.12월 이전)),A13N5,5,A13N,4.0
SH004,요약재무상태표(부채 및 자본(22.12월 이전)),A13N6,5,A13N,4.0
SH004,요약재무상태표(부채 및 자본(22.12월 이전)),A13S0,5,A13S,4.0
SH004,요약재무상태표(부채 및 자본(22.12월 이전)),A13S1,5,A13S,4.0
SH004,요약재무상태표(부채 및 자본(22.12월 이전)),A2120,5,A212,4.0
SH004,요약재무상태표(부채 및 자본(22.12월 이전)),A2130,5,A213,4.0
SH004,요약재무상태표(부채 및 자본(22.12월 이전)),A2320,5,A232,4.0
SH004,요약재무상태표(부채 및 자본(22.12월 이전)),A2340,5,A234,4.0
SH004,요약재무상태표(부채 및 자본(22.12월 이전)),A2460,5,A246,4.0
SH004,요약재무상태표(부채 및 자본(22.12월 이전)),A2461,5,A246,4.0
SH004,요약재무상태표(부채 및 자본(22.12월 이전)),A112,4,A11,3.0
SH004,요약재무상태표(부채 및 자본(22.12월 이전)),A113,4,A11,3.0
SH004,요약재무상태표(부채 및 자본(22.12월 이전)),A114,4,A11,3.0
SH004,요약재무상태표(부채 및 자본(22.12월 이전)),A115,4,A11,3.0
SH004,요약재무상태표(부채 및 자본(22.12월 이전)),A116,4,A11,3.0
SH004,요약재무상태표(부채 및 자본(22.12월 이전)),A117,4,A11,3.0
SH004,요약재무상태표(부채 및 자본(22.12월 이전)),A118,4,A11,3.0
SH004,요약재무상태표(부채 및 자본(22.12월 이전)),A119,4,A11,3.0
SH004,요약재무상태표(부채 및 자본(22.12월 이전)),A121,4,A12,3.0
SH004,요약재무상태표(부채 및 자본(22.12월 이전)),A122,4,A12,3.0
SH004,요약재무상태표(부채 및 자본(22.12월 이전)),A123,4,A12,3.0
SH004,요약재무상태표(부채 및 자본(22.12월 이전)),A124,4,A12,3.0
SH004,요약재무상태표(부채 및 자본(22.12월 이전)),A125,4,A12,3.0
SH004,요약재무상태표(부채 및 자본(22.12월 이전)),A126,4,A12,3.0
SH004,요약재무상태표(부채 및 자본(22.12월 이전)),A131,4,A13,3.0
SH004,요약재무상태표(부채 및 자본(22.12월 이전)),A132,4,A13,3.0
SH004,요약재무상태표(부채 및 자본(22.12월 이전)),A133,4,A13,3.0
SH004,요약재무상태표(부채 및 자본(22.12월 이전)),A135,4,A13,3.0
SH004,요약재무상태표(부채 및 자본(22.12월 이전)),A136,4,A13,3.0
SH004,요약재무상태표(부채 및 자본(22.12월 이전)),A137,4,A13,3.0
SH004,요약재무상태표(부채 및 자본(22.12월 이전)),A138,4,A13,3.0
SH004,요약재무상태표(부채 및 자본(22.12월 이전)),A139,4,A13,3.0
SH004,요약재무상태표(부채 및 자본(22.12월 이전)),A13A,4,A13,3.0
SH004,요약재무상태표(부채 및 자본(22.12월 이전)),A13B,4,A13,3.0
SH004,요약재무상태표(부채 및 자본(22.12월 이전)),A13C,4,A13,3.0
SH004,요약재무상태표(부채 및 자본(22.12월 이전)),A13D,4,A13,3.0
SH004,요약재무상태표(부채 및 자본(22.12월 이전)),A13E,4,A13,3.0
SH004,요약재무상태표(부채 및 자본(22.12월 이전)),A13F,4,A13,3.0
SH004,요약재무상태표(부채 및 자본(22.12월 이전)),A13G,4,A13,3.0
SH004,요약재무상태표(부채 및 자본(22.12월 이전)),A13H,4,A13,3.0
SH004,요약재무상태표(부채 및 자본(22.12월 이전)),A13I,4,A13,3.0
SH004,요약재무상태표(부채 및 자본(22.12월 이전)),A13J,4,A13,3.0
SH004,요약재무상태표(부채 및 자본(22.12월 이전)),A13K,4,A13,3.0
SH004,요약재무상태표(부채 및 자본(22.12월 이전)),A13N,4,A13,3.0
SH004,요약재무상태표(부채 및 자본(22.12월 이전)),A13O,4,A13,3.0
SH004,요약재무상태표(부채 및 자본(22.12월 이전)),A13P,4,A13,3.0
SH004,요약재무상태표(부채 및 자본(22.12월 이전)),A13Q,4,A13,3.0
SH004,요약재무상태표(부채 및 자본(22.12월 이전)),A13R,4,A13,3.0
SH004,요약재무상태표(부채 및 자본(22.12월 이전)),A13S,4,A13,3.0
SH004,요약재무상태표(부채 및 자본(22.12월 이전)),A141,4,A14,3.0
SH004,요약재무상태표(부채 및 자본(22.12월 이전)),A142,4,A14,3.0
SH004,요약재무상태표(부채 및 자본(22.12월 이전)),A143,4,A14,3.0
SH004,요약재무상태표(부채 및 자본(22.12월 이전)),A144,4,A14,3.0
SH004,요약재무상태표(부채 및 자본(22.12월 이전)),A210,4,A21,3.0
SH004,요약재무상태표(부채 및 자본(22.12월 이전)),A211,4,A21,3.0
SH004,요약재무상태표(부채 및 자본(22.12월 이전)),A212,4,A21,3.0
SH004,요약재무상태표(부채 및 자본(22.12월 이전)),A213,4,A21,3.0
SH004,요약재무상태표(부채 및 자본(22.12월 이전)),A222,4,A22,3.0
SH004,요약재무상태표(부채 및 자본(22.12월 이전)),A223,4,A22,3.0
SH004,요약재무상태표(부채 및 자본(22.12월 이전)),A224,4,A22,3.0
SH004,요약재무상태표(부채 및 자본(22.12월 이전)),A225,4,A22,3.0
SH004,요약재무상태표(부채 및 자본(22.12월 이전)),A231,4,A23,3.0
SH004,요약재무상태표(부채 및 자본(22.12월 이전)),A232,4,A23,3.0
SH004,요약재무상태표(부채 및 자본(22.12월 이전)),A233,4,A23,3.0
SH004,요약재무상태표(부채 및 자본(22.12월 이전)),A234,4,A23,3.0
SH004,요약재무상태표(부채 및 자본(22.12월 이전)),A235,4,A23,3.0
SH004,요약재무상태표(부채 및 자본(22.12월 이전)),A241,4,A24,3.0
SH004,요약재무상태표(부채 및 자본(22.12월 이전)),A242,4,A24,3.0
SH004,요약재무상태표(부채 및 자본(22.12월 이전)),A244,4,A24,3.0
SH004,요약재무상태표(부채 및 자본(22.12월 이전)),A245,4,A24,3.0
SH004,요약재무상태표(부채 및 자본(22.12월 이전)),A246,4,A24,3.0
SH004,요약재무상태표(부채 및 자본(22.12월 이전)),A247,4,A24,3.0
SH004,요약재무상태표(부채 및 자본(22.12월 이전)),A248,4,A24,3.0
SH004,요약재무상태표(부채 및 자본(22.12월 이전)),A249,4,A24,3.0
SH004,요약재무상태표(부채 및 자본(22.12월 이전)),A24A,4,A24,3.0
SH004,요약재무상태표(부채 및 자본(22.12월 이전)),A24B,4,A24,3.0
SH004,요약재무상태표(부채 및 자본(22.12월 이전)),A24C,4,A24,3.0
SH004,요약재무상태표(부채 및 자본(22.12월 이전)),A250,4,A25,3.0
SH004,요약재무상태표(부채 및 자본(22.12월 이전)),A251,4,A25,3.0
SH004,요약재무상태표(부채 및 자본(22.12월 이전)),A11,3,A1,2.0
SH004,요약재무상태표(부채 및 자본(22.12월 이전)),A12,3,A1,2.0
SH004,요약재무상태표(부채 및 자본(22.12월 이전)),A13,3,A1,2.0
SH004,요약재무상태표(부채 및 자본(22.12월 이전)),A14,3,A1,2.0
SH004,요약재무상태표(부채 및 자본(22.12월 이전)),A1A,3,A1,2.0
SH004,요약재무상태표(부채 및 자본(22.12월 이전)),A1B,3,A1,2.0
SH004,요약재무상태표(부채 및 자본(22.12월 이전)),A1C,3,A1,2.0
SH004,요약재무상태표(부채 및 자본(22.12월 이전)),A1D,3,A1,2.0
SH004,요약재무상태표(부채 및 자본(22.12월 이전)),A1E,3,A1,2.0
SH004,요약재무상태표(부채 및 자본(22.12월 이전)),A1F,3,A1,2.0
SH004,요약재무상태표(부채 및 자본(22.12월 이전)),A1G,3,A1,2.0
SH004,요약재무상태표(부채 및 자본(22.12월 이전)),A1H,3,A1,2.0
SH004,요약재무상태표(부채 및 자본(22.12월 이전)),A1I,3,A1,2.0
SH004,요약재무상태표(부채 및 자본(22.12월 이전)),A1J,3,A1,2.0
SH004,요약재무상태표(부채 및 자본(22.12월 이전)),A21,3,A2,2.0
SH004,요약재무상태표(부채 및 자본(22.12월 이전)),A22,3,A2,2.0
SH004,요약재무상태표(부채 및 자본(22.12월 이전)),A23,3,A2,2.0
SH004,요약재무상태표(부채 및 자본(22.12월 이전)),A24,3,A2,2.0
SH004,요약재무상태표(부채 및 자본(22.12월 이전)),A25,3,A2,2.0
SH004,요약재무상태표(부채 및 자본(22.12월 이전)),A1,2,A,1.0
SH004,요약재무상태표(부채 및 자본(22.12월 이전)),A2,2,A,1.0
SH004,요약재무상태표(부채 및 자본(22.12월 이전)),A,1,,
SH005,요약재무상태표(자산-특별계정(22.12월 이전)),A2B0,4,A2B,3.0
SH005,요약재무상태표(자산-특별계정(22.12월 이전)),A2B1,4,A2B,3.0
SH005,요약재무상태표(자산-특별계정(22.12월 이전)),A2B2,4,A2B,3.0
SH005,요약재무상태표(자산-특별계정(22.12월 이전)),A2B3,4,A2B,3.0
SH005,요약재무상태표(자산-특별계정(22.12월 이전)),A2B4,4,A2B,3.0
SH005,요약재무상태표(자산-특별계정(22.12월 이전)),A2B5,4,A2B,3.0
SH005,요약재무상태표(자산-특별계정(22.12월 이전)),A2B6,4,A2B,3.0
SH005,요약재무상태표(자산-특별계정(22.12월 이전)),A2C0,4,A2C,3.0
SH005,요약재무상태표(자산-특별계정(22.12월 이전)),A2C1,4,A2C,3.0
SH005,요약재무상태표(자산-특별계정(22.12월 이전)),A2C2,4,A2C,3.0
SH005,요약재무상태표(자산-특별계정(22.12월 이전)),A2C3,4,A2C,3.0
SH005,요약재무상태표(자산-특별계정(22.12월 이전)),A2C4,4,A2C,3.0
SH005,요약재무상태표(자산-특별계정(22.12월 이전)),A2D0,4,A2D,3.0
SH005,요약재무상태표(자산-특별계정(22.12월 이전)),A2D1,4,A2D,3.0
SH005,요약재무상태표(자산-특별계정(22.12월 이전)),A2D2,4,A2D,3.0
SH005,요약재무상태표(자산-특별계정(22.12월 이전)),A2D3,4,A2D,3.0
SH005,요약재무상태표(자산-특별계정(22.12월 이전)),A10,3,A1,2.0
SH005,요약재무상태표(자산-특별계정(22.12월 이전)),A11,3,A1,2.0
SH005,요약재무상태표(자산-특별계정(22.12월 이전)),A12,3,A1,2.0
SH005,요약재무상태표(자산-특별계정(22.12월 이전)),A13,3,A1,2.0
SH005,요약재무상태표(자산-특별계정(22.12월 이전)),A14,3,A1,2.0
SH005,요약재무상태표(자산-특별계정(22.12월 이전)),A15,3,A1,2.0
SH005,요약재무상태표(자산-특별계정(22.12월 이전)),A16,3,A1,2.0
SH005,요약재무상태표(자산-특별계정(22.12월 이전)),A2B,3,A2,2.0
SH005,요약재무상태표(자산-특별계정(22.12월 이전)),A2C,3,A2,2.0
SH005,요약재무상태표(자산-특별계정(22.12월 이전)),A2D,3,A2,2.0
SH005,요약재무상태표(자산-특별계정(22.12월 이전)),A31,3,A3,2.0
SH005,요약재무상태표(자산-특별계정(22.12월 이전)),A32,3,A3,2.0
SH005,요약재무상태표(자산-특별계정(22.12월 이전)),A33,3,A3,2.0
SH005,요약재무상태표(자산-특별계정(22.12월 이전)),A34,3,A3,2.0
SH005,요약재무상태표(자산-특별계정(22.12월 이전)),A35,3,A3,2.0
SH005,요약재무상태표(자산-특별계정(22.12월 이전)),A36,3,A3,2.0
SH005,요약재무상태표(자산-특별계정(22.12월 이전)),A37,3,A3,2.0
SH005,요약재무상태표(자산-특별계정(22.12월 이전)),A38,3,A3,2.0
SH005,요약재무상태표(자산-특별계정(22.12월 이전)),A39,3,A3,2.0
SH005,요약재무상태표(자산-특별계정(22.12월 이전)),A3A,3,A3,2.0
SH005,요약재무상태표(자산-특별계정(22.12월 이전)),A3B,3,A3,2.0
SH005,요약재무상태표(자산-특별계정(22.12월 이전)),A51,3,A5,2.0
SH005,요약재무상태표(자산-특별계정(22.12월 이전)),A52,3,A5,2.0
SH005,요약재무상태표(자산-특별계정(22.12월 이전)),A53,3,A5,2.0
SH005,요약재무상태표(자산-특별계정(22.12월 이전)),A54,3,A5,2.0
SH005,요약재무상태표(자산-특별계정(22.12월 이전)),A55,3,A5,2.0
SH005,요약재무상태표(자산-특별계정(22.12월 이전)),A56,3,A5,2.0
SH005,요약재무상태표(자산-특별계정(22.12월 이전)),A57,3,A5,2.0
SH005,요약재무상태표(자산-특별계정(22.12월 이전)),A1,2,A,1.0
SH005,요약재무상태표(자산-특별계정(22.12월 이전)),A2,2,A,1.0
SH005,요약재무상태표(자산-특별계정(22.12월 이전)),A3,2,A,1.0
SH005,요약재무상태표(자산-특별계정(22.12월 이전)),A5,2,A,1.0
SH005,요약재무상태표(자산-특별계정(22.12월 이전)),A6,2,A,1.0
SH005,요약재무상태표(자산-특별계정(22.12월 이전)),A7,2,A,1.0
SH005,요약재무상태표(자산-특별계정(22.12월 이전)),AA,2,A,1.0
SH005,요약재무상태표(자산-특별계정(22.12월 이전)),AB,2,A,1.0
SH005,요약재무상태표(자산-특별계정(22.12월 이전)),AC,2,A,1.0
SH005,요약재무상태표(자산-특별계정(22.12월 이전)),AD,2,A,1.0
SH005,요약재무상태표(자산-특별계정(22.12월 이전)),AE,2,A,1.0
SH005,요약재무상태표(자산-특별계정(22.12월 이전)),AF,2,A,1.0
SH005,요약재무상태표(자산-특별계정(22.12월 이전)),AG,2,A,1.0
SH005,요약재무상태표(자산-특별계정(22.12월 이전)),A,1,,
SH006,요약재무상태표(부채 및 자본-특별계정(22.12월 이전)),A11,3,A1,2.0
SH006,요약재무상태표(부채 및 자본-특별계정(22.12월 이전)),A12,3,A1,2.0
SH006,요약재무상태표(부채 및 자본-특별계정(22.12월 이전)),A13,3,A1,2.0
SH006,요약재무상태표(부채 및 자본-특별계정(22.12월 이전)),A14,3,A1,2.0
SH006,요약재무상태표(부채 및 자본-특별계정(22.12월 이전)),A15,3,A1,2.0
SH006,요약재무상태표(부채 및 자본-특별계정(22.12월 이전)),A16,3,A1,2.0
SH006,요약재무상태표(부채 및 자본-특별계정(22.12월 이전)),A17,3,A1,2.0
SH006,요약재무상태표(부채 및 자본-특별계정(22.12월 이전)),A18,3,A1,2.0
SH006,요약재무상태표(부채 및 자본-특별계정(22.12월 이전)),A19,3,A1,2.0
SH006,요약재무상태표(부채 및 자본-특별계정(22.12월 이전)),A31,3,A3,2.0
SH006,요약재무상태표(부채 및 자본-특별계정(22.12월 이전)),A32,3,A3,2.0
SH006,요약재무상태표(부채 및 자본-특별계정(22.12월 이전)),A33,3,A3,2.0
SH006,요약재무상태표(부채 및 자본-특별계정(22.12월 이전)),A34,3,A3,2.0
SH006,요약재무상태표(부채 및 자본-특별계정(22.12월 이전)),A35,3,A3,2.0
SH006,요약재무상태표(부채 및 자본-특별계정(22.12월 이전)),A36,3,A3,2.0
SH006,요약재무상태표(부채 및 자본-특별계정(22.12월 이전)),A1,2,A,1.0
SH006,요약재무상태표(부채 및 자본-특별계정(22.12월 이전)),A2,2,A,1.0
SH006,요약재무상태표(부채 및 자본-특별계정(22.12월 이전)),A3,2,A,1.0
SH006,요약재무상태표(부채 및 자본-특별계정(22.12월 이전)),A,1,,
SH006,요약재무상태표(부채 및 자본-특별계정(22.12월 이전)),C,1,,
SH006,요약재무상태표(부채 및 자본-특별계정(22.12월 이전)),D,1,,
SH007,요약손익계산서(전체(22.12월 이전)),B25700,6,B2570,5.0
SH007,요약손익계산서(전체(22.12월 이전)),B25701,6,B2570,5.0
SH007,요약손익계산서(전체(22.12월 이전)),B25702,6,B2570,5.0
SH007,요약손익계산서(전체(22.12월 이전)),B25710,6,B2571,5.0
SH007,요약손익계산서(전체(22.12월 이전)),B25711,6,B2571,5.0
SH007,요약손익계산서(전체(22.12월 이전)),B1510,5,B151,4.0
SH007,요약손익계산서(전체(22.12월 이전)),B1511,5,B151,4.0
SH007,요약손익계산서(전체(22.12월 이전)),B1512,5,B151,4.0
SH007,요약손익계산서(전체(22.12월 이전)),B1800,5,B180,4.0
SH007,요약손익계산서(전체(22.12월 이전)),B1801,5,B180,4.0
SH007,요약손익계산서(전체(22.12월 이전)),B1802,5,B180,4.0
SH007,요약손익계산서(전체(22.12월 이전)),B1810,5,B181,4.0
SH007,요약손익계산서(전체(22.12월 이전)),B1811,5,B181,4.0
SH007,요약손익계산서(전체(22.12월 이전)),B2310,5,B231,4.0
SH007,요약손익계산서(전체(22.12월 이전)),B2311,5,B231,4.0
SH007,요약손익계산서(전체(22.12월 이전)),B2312,5,B231,4.0
SH007,요약손익계산서(전체(22.12월 이전)),B2510,5,B251,4.0
SH007,요약손익계산서(전체(22.12월 이전)),B2511,5,B251,4.0
SH007,요약손익계산서(전체(22.12월 이전)),B2512,5,B251,4.0
SH007,요약손익계산서(전체(22.12월 이전)),B2513,5,B251,4.0
SH007,요약손익계산서(전체(22.12월 이전)),B2570,5,B257,4.0
SH007,요약손익계산서(전체(22.12월 이전)),B2571,5,B257,4.0
SH007,요약손익계산서(전체(22.12월 이전)),B2572,5,B257,4.0
SH007,요약손익계산서(전체(22.12월 이전)),B2573,5,B257,4.0
SH007,요약손익계산서(전체(22.12월 이전)),B25C0,5,B25C,4.0
SH007,요약손익계산서(전체(22.12월 이전)),B25F0,5,B25F,4.0
SH007,요약손익계산서(전체(22.12월 이전)),B25F1,5,B25F,4.0
SH007,요약손익계산서(전체(22.12월 이전)),B25F2,5,B25F,4.0
SH007,요약손익계산서(전체(22.12월 이전)),A120,4,A12,3.0
SH007,요약손익계산서(전체(22.12월 이전)),A121,4,A12,3.0
SH007,요약손익계산서(전체(22.12월 이전)),A122,4,A12,3.0
SH007,요약손익계산서(전체(22.12월 이전)),A123,4,A12,3.0
SH007,요약손익계산서(전체(22.12월 이전)),A210,4,A21,3.0
SH007,요약손익계산서(전체(22.12월 이전)),A211,4,A21,3.0
SH007,요약손익계산서(전체(22.12월 이전)),A212,4,A21,3.0
SH007,요약손익계산서(전체(22.12월 이전)),A220,4,A22,3.0
SH007,요약손익계산서(전체(22.12월 이전)),A221,4,A22,3.0
SH007,요약손익계산서(전체(22.12월 이전)),A222,4,A22,3.0
SH007,요약손익계산서(전체(22.12월 이전)),A223,4,A22,3.0
SH007,요약손익계산서(전체(22.12월 이전)),A231,4,A23,3.0
SH007,요약손익계산서(전체(22.12월 이전)),A232,4,A23,3.0
SH007,요약손익계산서(전체(22.12월 이전)),A233,4,A23,3.0
SH007,요약손익계산서(전체(22.12월 이전)),B100,4,B10,3.0
SH007,요약손익계산서(전체(22.12월 이전)),B101,4,B10,3.0
SH007,요약손익계산서(전체(22.12월 이전)),B102,4,B10,3.0
SH007,요약손익계산서(전체(22.12월 이전)),B103,4,B10,3.0
SH007,요약손익계산서(전체(22.12월 이전)),B104,4,B10,3.0
SH007,요약손익계산서(전체(22.12월 이전)),B105,4,B10,3.0
SH007,요약손익계산서(전체(22.12월 이전)),B106,4,B10,3.0
SH007,요약손익계산서(전체(22.12월 이전)),B110,4,B11,3.0
SH007,요약손익계산서(전체(22.12월 이전)),B111,4,B11,3.0
SH007,요약손익계산서(전체(22.12월 이전)),B112,4,B11,3.0
SH007,요약손익계산서(전체(22.12월 이전)),B113,4,B11,3.0
SH007,요약손익계산서(전체(22.12월 이전)),B140,4,B14,3.0
SH007,요약손익계산서(전체(22.12월 이전)),B141,4,B14,3.0
SH007,요약손익계산서(전체(22.12월 이전)),B142,4,B14,3.0
SH007,요약손익계산서(전체(22.12월 이전)),B143,4,B14,3.0
SH007,요약손익계산서(전체(22.12월 이전)),B144,4,B14,3.0
SH007,요약손익계산서(전체(22.12월 이전)),B145,4,B14,3.0
SH007,요약손익계산서(전체(22.12월 이전)),B150,4,B15,3.0
SH007,요약손익계산서(전체(22.12월 이전)),B151,4,B15,3.0
SH007,요약손익계산서(전체(22.12월 이전)),B180,4,B18,3.0
SH007,요약손익계산서(전체(22.12월 이전)),B181,4,B18,3.0
SH007,요약손익계산서(전체(22.12월 이전)),B182,4,B18,3.0
SH007,요약손익계산서(전체(22.12월 이전)),B183,4,B18,3.0
SH007,요약손익계산서(전체(22.12월 이전)),B1E0,4,B1E,3.0
SH007,요약손익계산서(전체(22.12월 이전)),B1H0,4,B1H,3.0
SH007,요약손익계산서(전체(22.12월 이전)),B1H1,4,B1H,3.0
SH007,요약손익계산서(전체(22.12월 이전)),B1H2,4,B1H,3.0
SH007,요약손익계산서(전체(22.12월 이전)),B220,4,B22,3.0
SH007,요약손익계산서(전체(22.12월 이전)),B221,4,B22,3.0
SH007,요약손익계산서(전체(22.12월 이전)),B222,4,B22,3.0
SH007,요약손익계산서(전체(22.12월 이전)),B223,4,B22,3.0
SH007,요약손익계산서(전체(22.12월 이전)),B224,4,B22,3.0
SH007,요약손익계산서(전체(22.12월 이전)),B225,4,B22,3.0
SH007,요약손익계산서(전체(22.12월 이전)),B230,4,B23,3.0
SH007,요약손익계산서(전체(22.12월 이전)),B231,4,B23,3.0
SH007,요약손익계산서(전체(22.12월 이전)),B250,4,B25,3.0
SH007,요약손익계산서(전체(22.12월 이전)),B251,4,B25,3.0
SH007,요약손익계산서(전체(22.12월 이전)),B252,4,B25,3.0
SH007,요약손익계산서(전체(22.12월 이전)),B253,4,B25,3.0
SH007,요약손익계산서(전체(22.12월 이전)),B254,4,B25,3.0
SH007,요약손익계산서(전체(22.12월 이전)),B255,4,B25,3.0
SH007,요약손익계산서(전체(22.12월 이전)),B256,4,B25,3.0
SH007,요약손익계산서(전체(22.12월 이전)),B257,4,B25,3.0
SH007,요약손익계산서(전체(22.12월 이전)),B258,4,B25,3.0
SH007,요약손익계산서(전체(22.12월 이전)),B259,4,B25,3.0
SH007,요약손익계산서(전체(22.12월 이전)),B25A,4,B25,3.0
SH007,요약손익계산서(전체(22.12월 이전)),B25B,4,B25,3.0
SH007,요약손익계산서(전체(22.12월 이전)),B25C,4,B25,3.0
SH007,요약손익계산서(전체(22.12월 이전)),B25D,4,B25,3.0
SH007,요약손익계산서(전체(22.12월 이전)),B25E,4,B25,3.0
SH007,요약손익계산서(전체(22.12월 이전)),B25F,4,B25,3.0
SH007,요약손익계산서(전체(22.12월 이전)),B25G,4,B25,3.0
SH007,요약손익계산서(전체(22.12월 이전)),E110,4,E11,3.0
SH007,요약손익계산서(전체(22.12월 이전)),E111,4,E11,3.0
SH007,요약손익계산서(전체(22.12월 이전)),E112,4,E11,3.0
SH007,요약손익계산서(전체(22.12월 이전)),E230,4,E23,3.0
SH007,요약손익계산서(전체(22.12월 이전)),E231,4,E23,3.0
SH007,요약손익계산서(전체(22.12월 이전)),E232,4,E23,3.0
SH007,요약손익계산서(전체(22.12월 이전)),A11,3,A1,2.0
SH007,요약손익계산서(전체(22.12월 이전)),A12,3,A1,2.0
SH007,요약손익계산서(전체(22.12월 이전)),A21,3,A2,2.0
SH007,요약손익계산서(전체(22.12월 이전)),A22,3,A2,2.0
SH007,요약손익계산서(전체(22.12월 이전)),A23,3,A2,2.0
SH007,요약손익계산서(전체(22.12월 이전)),A24,3,A2,2.0
SH007,요약손익계산서(전체(22.12월 이전)),A25,3,A2,2.0
SH007,요약손익계산서(전체(22.12월 이전)),B10,3,B1,2.0
SH007,요약손익계산서(전체(22.12월 이전)),B11,3,B1,2.0
SH007,요약손익계산서(전체(22.12월 이전)),B12,3,B1,2.0
SH007,요약손익계산서(전체(22.12월 이전)),B13,3,B1,2.0
SH007,요약손익계산서(전체(22.12월 이전)),B14,3,B1,2.0
SH007,요약손익계산서(전체(22.12월 이전)),B15,3,B1,2.0
SH007,요약손익계산서(전체(22.12월 이전)),B16,3,B1,2.0
SH007,요약손익계산서(전체(22.12월 이전)),B17,3,B1,2.0
SH007,요약손익계산서(전체(22.12월 이전)),B18,3,B1,2.0
SH007,요약손익계산서(전체(22.12월 이전)),B19,3,B1,2.0
SH007,요약손익계산서(전체(22.12월 이전)),B1A,3,B1,2.0
SH007,요약손익계산서(전체(22.12월 이전)),B1B,3,B1,2.0
SH007,요약손익계산서(전체(22.12월 이전)),B1C,3,B1,2.0
SH007,요약손익계산서(전체(22.12월 이전)),B1D,3,B1,2.0
SH007,요약손익계산서(전체(22.12월 이전)),B1E,3,B1,2.0
SH007,요약손익계산서(전체(22.12월 이전)),B1F,3,B1,2.0
SH007,요약손익계산서(전체(22.12월 이전)),B1G,3,B1,2.0
SH007,요약손익계산서(전체(22.12월 이전)),B1H,3,B1,2.0
SH007,요약손익계산서(전체(22.12월 이전)),B1I,3,B1,2.0
SH007,요약손익계산서(전체(22.12월 이전)),B1J,3,B1,2.0
SH007,요약손익계산서(전체(22.12월 이전)),B20,3,B2,2.0
SH007,요약손익계산서(전체(22.12월 이전)),B21,3,B2,2.0
SH007,요약손익계산서(전체(22.12월 이전)),B22,3,B2,2.0
SH007,요약손익계산서(전체(22.12월 이전)),B23,3,B2,2.0
SH007,요약손익계산서(전체(22.12월 이전)),B24,3,B2,2.0
SH007,요약손익계산서(전체(22.12월 이전)),B25,3,B2,2.0
SH007,요약손익계산서(전체(22.12월 이전)),E10,3,E1,2.0
SH007,요약손익계산서(전체(22.12월 이전)),E11,3,E1,2.0
SH007,요약손익계산서(전체(22.12월 이전)),E12,3,E1,2.0
SH007,요약손익계산서(전체(22.12월 이전)),E13,3,E1,2.0
SH007,요약손익계산서(전체(22.12월 이전)),E14,3,E1,2.0
SH007,요약손익계산서(전체(22.12월 이전)),E15,3,E1,2.0
SH007,요약손익계산서(전체(22.12월 이전)),E16,3,E1,2.0
SH007,요약손익계산서(전체(22.12월 이전)),E17,3,E1,2.0
SH007,요약손익계산서(전체(22.12월 이전)),E18,3,E1,2.0
SH007,요약손익계산서(전체(22.12월 이전)),E20,3,E2,2.0
SH007,요약손익계산서(전체(22.12월 이전)),E21,3,E2,2.0
SH007,요약손익계산서(전체(22.12월 이전)),E22,3,E2,2.0
SH007,요약손익계산서(전체(22.12월 이전)),E23,3,E2,2.0
SH007,요약손익계산서(전체(22.12월 이전)),E24,3,E2,2.0
SH007,요약손익계산서(전체(22.12월 이전)),E25,3,E2,2.0
SH007,요약손익계산서(전체(22.12월 이전)),E26,3,E2,2.0
SH007,요약손익계산서(전체(22.12월 이전)),E27,3,E2,2.0
SH007,요약손익계산서(전체(22.12월 이전)),E28,3,E2,2.0
SH007,요약손익계산서(전체(22.12월 이전)),A1,2,A,1.0
SH007,요약손익계산서(전체(22.12월 이전)),A2,2,A,1.0
SH007,요약손익계산서(전체(22.12월 이전)),B1,2,B,1.0
SH007,요약손익계산서(전체(22.12월 이전)),B2,2,B,1.0
SH007,요약손익계산서(전체(22.12월 이전)),E1,2,E,1.0
SH007,요약손익계산서(전체(22.12월 이전)),E2,2,E,1.0
SH007,요약손익계산서(전체(22.12월 이전)),F1,2,F,1.0
SH007,요약손익계산서(전체(22.12월 이전)),F2,2,F,1.0
SH007,요약손익계산서(전체(22.12월 이전)),P1,2,P,1.0
SH007,요약손익계산서(전체(22.12월 이전)),P2,2,P,1.0
SH007,요약손익계산서(전체(22.12월 이전)),P3,2,P,1.0
SH007,요약손익계산서(전체(22.12월 이전)),P4,2,P,1.0
SH007,요약손익계산서(전체(22.12월 이전)),P5,2,P,1.0
SH007,요약손익계산서(전체(22.12월 이전)),P6,2,P,1.0
SH007,요약손익계산서(전체(22.12월 이전)),P7,2,P,1.0
SH007,요약손익계산서(전체(22.12월 이전)),A,1,,
SH007,요약손익계산서(전체(22.12월 이전)),B,1,,
SH007,요약손익계산서(전체(22.12월 이전)),C,1,,
SH007,요약손익계산서(전체(22.12월 이전)),D,1,,
SH007,요약손익계산서(전체(22.12월 이전)),E,1,,
SH007,요약손익계산서(전체(22.12월 이전)),F,1,,
SH007,요약손익계산서(전체(22.12월 이전)),J,1,,
SH007,요약손익계산서(전체(22.12월 이전)),K,1,,
SH007,요약손익계산서(전체(22.12월 이전)),L,1,,
SH007,요약손익계산서(전체(22.12월 이전)),M,1,,
SH007,요약손익계산서(전체(22.12월 이전)),N,1,,
SH007,요약손익계산서(전체(22.12월 이전)),O,1,,
SH007,요약손익계산서(전체(22.12월 이전)),P,1,,
SH007,요약손익계산서(전체(22.12월 이전)),R,1,,
SH008,요약손익계산서(특별계정(22.12월 이전)),A20,3,A2,2.0
SH008,요약손익계산서(특별계정(22.12월 이전)),A21,3,A2,2.0
SH008,요약손익계산서(특별계정(22.12월 이전)),A22,3,A2,2.0
SH008,요약손익계산서(특별계정(22.12월 이전)),A30,3,A3,2.0
SH008,요약손익계산서(특별계정(22.12월 이전)),A31,3,A3,2.0
SH008,요약손익계산서(특별계정(22.12월 이전)),A32,3,A3,2.0
SH008,요약손익계산서(특별계정(22.12월 이전)),A33,3,A3,2.0
SH008,요약손익계산서(특별계정(22.12월 이전)),A34,3,A3,2.0
SH008,요약손익계산서(특별계정(22.12월 이전)),B20,3,B2,2.0
SH008,요약손익계산서(특별계정(22.12월 이전)),B21,3,B2,2.0
SH008,요약손익계산서(특별계정(22.12월 이전)),B22,3,B2,2.0
SH008,요약손익계산서(특별계정(22.12월 이전)),B23,3,B2,2.0
SH008,요약손익계산서(특별계정(22.12월 이전)),A1,2,A,1.0
SH008,요약손익계산서(특별계정(22.12월 이전)),A2,2,A,1.0
SH008,요약손익계산서(특별계정(22.12월 이전)),A3,2,A,1.0
SH008,요약손익계산서(특별계정(22.12월 이전)),A4,2,A,1.0
SH008,요약손익계산서(특별계정(22.12월 이전)),A5,2,A,1.0
SH008,요약손익계산서(특별계정(22.12월 이전)),A6,2,A,1.0
SH008,요약손익계산서(특별계정(22.12월 이전)),A7,2,A,1.0
SH008,요약손익계산서(특별계정(22.12월 이전)),A8,2,A,1.0
SH008,요약손익계산서(특별계정(22.12월 이전)),A9,2,A,1.0
SH008,요약손익계산서(특별계정(22.12월 이전)),AA,2,A,1.0
SH008,요약손익계산서(특별계정(22.12월 이전)),AB,2,A,1.0
SH008,요약손익계산서(특별계정(22.12월 이전)),AE,2,A,1.0
SH008,요약손익계산서(특별계정(22.12월 이전)),AF,2,A,1.0
SH008,요약손익계산서(특별계정(22.12월 이전)),AG,2,A,1.0
SH008,요약손익계산서(특별계정(22.12월 이전)),AI,2,A,1.0
SH008,요약손익계산서(특별계정(22.12월 이전)),AK,2,A,1.0
SH008,요약손익계산서(특별계정(22.12월 이전)),AL,2,A,1.0
SH008,요약손익계산서(특별계정(22.12월 이전)),AM,2,A,1.0
SH008,요약손익계산서(특별계정(22.12월 이전)),B1,2,B,1.0
SH008,요약손익계산서(특별계정(22.12월 이전)),B2,2,B,1.0
SH008,요약손익계산서(특별계정(22.12월 이전)),B3,2,B,1.0
SH008,요약손익계산서(특별계정(22.12월 이전)),B4,2,B,1.0
SH008,요약손익계산서(특별계정(22.12월 이전)),B5,2,B,1.0
SH008,요약손익계산서(특별계정(22.12월 이전)),B6,2,B,1.0
SH008,요약손익계산서(특별계정(22.12월 이전)),B7,2,B,1.0
SH008,요약손익계산서(특별계정(22.12월 이전)),BA,2,B,1.0
SH008,요약손익계산서(특별계정(22.12월 이전)),BB,2,B,1.0
SH008,요약손익계산서(특별계정(22.12월 이전)),BC,2,B,1.0
SH008,요약손익계산서(특별계정(22.12월 이전)),BD,2,B,1.0
SH008,요약손익계산서(특별계정(22.12월 이전)),BE,2,B,1.0
SH008,요약손익계산서(특별계정(22.12월 이전)),BF,2,B,1.0
SH008,요약손익계산서(특별계정(22.12월 이전)),A,1,,
SH008,요약손익계산서(특별계정(22.12월 이전)),B,1,,
SH016,신계약(22.12월 이전),A111,4,A11,3.0
SH016,신계약(22.12월 이전),A121,4,A12,3.0
SH016,신계약(22.12월 이전),A11,3,A1,2.0
SH016,신계약(22.12월 이전),A12,3,A1,2.0
SH016,신계약(22.12월 이전),A13,3,A1,2.0
SH016,신계약(22.12월 이전),A1,2,A,1.0
SH016,신계약(22.12월 이전),A2,2,A,1.0
SH016,신계약(22.12월 이전),A3,2,A,1.0
SH016,신계약(22.12월 이전),A4,2,A,1.0
SH016,신계약(22.12월 이전),B1,2,B,1.0
SH016,신계약(22.12월 이전),B3,2,B,1.0
SH016,신계약(22.12월 이전),A,1,,
SH016,신계약(22.12월 이전),B,1,,
SH016,신계약(22.12월 이전),C,1,,
SH016,신계약(22.12월 이전),D,1,,
SH017,보유계약(22.12월 이전),A111,4,A11,3.0
SH017,보유계약(22.12월 이전),A121,4,A12,3.0
SH017,보유계약(22.12월 이전),A11,3,A1,2.0
SH017,보유계약(22.12월 이전),A12,3,A1,2.0
SH017,보유계약(22.12월 이전),A13,3,A1,2.0
SH017,보유계약(22.12월 이전),A1,2,A,1.0
SH017,보유계약(22.12월 이전),A2,2,A,1.0
SH017,보유계약(22.12월 이전),A3,2,A,1.0
SH017,보유계약(22.12월 이전),A4,2,A,1.0
SH017,보유계약(22.12월 이전),B1,2,B,1.0
SH017,보유계약(22.12월 이전),B3,2,B,1.0
SH017,보유계약(22.12월 이전),A,1,,
SH017,보유계약(22.12월 이전),B,1,,
SH017,보유계약(22.12월 이전),C,1,,
SH017,보유계약(22.12월 이전),D,1,,
SH018,보험료수입(22.12월 이전),A111,4,A11,3.0
SH018,보험료수입(22.12월 이전),A121,4,A12,3.0
SH018,보험료수입(22.12월 이전),A11,3,A1,2.0
SH018,보험료수입(22.12월 이전),A12,3,A1,2.0
SH018,보험료수입(22.12월 이전),A13,3,A1,2.0
SH018,보험료수입(22.12월 이전),A1,2,A,1.0
SH018,보험료수입(22.12월 이전),A2,2,A,1.0
SH018,보험료수입(22.12월 이전),A3,2,A,1.0
SH018,보험료수입(22.12월 이전),A4,2,A,1.0
SH018,보험료수입(22.12월 이전),B1,2,B,1.0
SH018,보험료수입(22.12월 이전),B2,2,B,1.0
SH018,보험료수입(22.12월 이전),B3,2,B,1.0
SH018,보험료수입(22.12월 이전),A,1,,
SH018,보험료수입(22.12월 이전),B,1,,
SH018,보험료수입(22.12월 이전),C,1,,
SH019,지급보험금(22.12월 이전),A111,4,A11,3.0
SH019,지급보험금(22.12월 이전),A121,4,A12,3.0
SH019,지급보험금(22.12월 이전),A11,3,A1,2.0
SH019,지급보험금(22.12월 이전),A12,3,A1,2.0
SH019,지급보험금(22.12월 이전),A13,3,A1,2.0
SH019,지급보험금(22.12월 이전),A1,2,A,1.0
SH019,지급보험금(22.12월 이전),A2,2,A,1.0
SH019,지급보험금(22.12월 이전),A3,2,A,1.0
SH019,지급보험금(22.12월 이전),A4,2,A,1.0
SH019,지급보험금(22.12월 이전),B1,2,B,1.0
SH019,지급보험금(22.12월 이전),B2,2,B,1.0
SH019,지급보험금(22.12월 이전),B3,2,B,1.0
SH019,지급보험금(22.12월 이전),A,1,,
SH019,지급보험금(22.12월 이전),B,1,,
SH019,지급보험금(22.12월 이전),C,1,,
SH020,사업비(22.12월 이전),B1,2,B,1.0
SH020,사업비(22.12월 이전),B2,2,B,1.0
SH020,사업비(22.12월 이전),B,1,,
SH021,자본적정성,A,1,,
SH021,자본적정성,B,1,,
SH021,자본적정성,C,1,,
SH021,자본적정성,D,1,,
SH021,자본적정성,E,1,,
SH021,자본적정성,F,1,,
SH022,설계사정착률(13회),A,1,,
SH022,설계사정착률(13회),B,1,,
SH022,설계사정착률(13회),C,1,,
SH023,부문별 손익(파생상품),A11,3,A1,2.0
SH023,부문별 손익(파생상품),A12,3,A1,2.0
SH023,부문별 손익(파생상품),A21,3,A2,2.0
SH023,부문별 손익(파생상품),A22,3,A2,2.0
SH023,부문별 손익(파생상품),A1,2,A,1.0
SH023,부문별 손익(파생상품),A2,2,A,1.0
SH023,부문별 손익(파생상품),A,1,,
SH024,부문별 손익(이자),A11,3,A1,2.0
SH024,부문별 손익(이자),A12,3,A1,2.0
SH024,부문별 손익(이자),A13,3,A1,2.0
SH024,부문별 손익(이자),A14,3,A1,2.0
SH024,부문별 손익(이자),A15,3,A1,2.0
SH024,부문별 손익(이자),A16,3,A1,2.0
SH024,부문별 손익(이자),A17,3,A1,2.0
SH024,부문별 손익(이자),A21,3,A2,2.0
SH024,부문별 손익(이자),A22,3,A2,2.0
SH024,부문별 손익(이자),A23,3,A2,2.0
SH024,부문별 손익(이자),A24,3,A2,2.0
SH024,부문별 손익(이자),A25,3,A2,2.0
SH024,부문별 손익(이자),A26,3,A2,2.0
SH024,부문별 손익(이자),A1,2,A,1.0
SH024,부문별 손익(이자),A2,2,A,1.0
SH024,부문별 손익(이자),A,1,,
SH026,형태별 보험료 수입(모집형태(22.12월 이전)),A,1,,
SH026,형태별 보험료 수입(모집형태(22.12월 이전)),B,1,,
SH026,형태별 보험료 수입(모집형태(22.12월 이전)),C,1,,
SH026,형태별 보험료 수입(모집형태(22.12월 이전)),D,1,,
SH026,형태별 보험료 수입(모집형태(22.12월 이전)),E,1,,
SH026,형태별 보험료 수입(모집형태(22.12월 이전)),F,1,,
SH027,형태별 보험료 수입(수납형태),A,1,,
SH027,형태별 보험료 수입(수납형태),B,1,,
SH027,형태별 보험료 수입(수납형태),C,1,,
SH027,형태별 보험료 수입(수납형태),D,1,,
SH027,형태별 보험료 수입(수납형태),E,1,,
SH027,형태별 보험료 수입(수납형태),F,1,,
SH027,형태별 보험료 수입(수납형태),G,1,,
SH027,형태별 보험료 수입(수납형태),H,1,,
SH028,형태별 보험료 수입(납입방법),A1,2,A,1.0
SH028,형태별 보험료 수입(납입방법),A2,2,A,1.0
SH028,형태별 보험료 수입(납입방법),A3,2,A,1.0
SH028,형태별 보험료 수입(납입방법),A4,2,A,1.0
SH028,형태별 보험료 수입(납입방법),B1,2,B,1.0
SH028,형태별 보험료 수입(납입방법),B2,2,B,1.0
SH028,형태별 보험료 수입(납입방법),B3,2,B,1.0
SH028,형태별 보험료 수입(납입방법),B4,2,B,1.0
SH028,형태별 보험료 수입(납입방법),C1,2,C,1.0
SH028,형태별 보험료 수입(납입방법),C2,2,C,1.0
SH028,형태별 보험료 수입(납입방법),C3,2,C,1.0
SH028,형태별 보험료 수입(납입방법),C4,2,C,1.0
SH028,형태별 보험료 수입(납입방법),A,1,,
SH028,형태별 보험료 수입(납입방법),B,1,,
SH028,형태별 보험료 수입(납입방법),C,1,,
SH029,형태별 보험료 수입(모집방법),A1,2,A,1.0
SH029,형태별 보험료 수입(모집방법),A2,2,A,1.0
SH029,형태별 보험료 수입(모집방법),A3,2,A,1.0
SH029,형태별 보험료 수입(모집방법),A4,2,A,1.0
SH029,형태별 보험료 수입(모집방법),A5,2,A,1.0
SH029,형태별 보험료 수입(모집방법),A6,2,A,1.0
SH029,형태별 보험료 수입(모집방법),B1,2,B,1.0
SH029,형태별 보험료 수입(모집방법),B2,2,B,1.0
SH029,형태별 보험료 수입(모집방법),B3,2,B,1.0
SH029,형태별 보험료 수입(모집방법),B4,2,B,1.0
SH029,형태별 보험료 수입(모집방법),B5,2,B,1.0
SH029,형태별 보험료 수입(모집방법),B6,2,B,1.0
SH029,형태별 보험료 수입(모집방법),B7,2,B,1.0
SH029,형태별 보험료 수입(모집방법),B8,2,B,1.0
SH029,형태별 보험료 수입(모집방법),C1,2,C,1.0
SH029,형태별 보험료 수입(모집방법),C2,2,C,1.0
SH029,형태별 보험료 수입(모집방법),C3,2,C,1.0
SH029,형태별 보험료 수입(모집방법),C4,2,C,1.0
SH029,형태별 보험료 수입(모집방법),C5,2,C,1.0
SH029,형태별 보험료 수입(모집방법),C6,2,C,1.0
SH029,형태별 보험료 수입(모집방법),C7,2,C,1.0
SH029,형태별 보험료 수입(모집방법),A,1,,
SH029,형태별 보험료 수입(모집방법),B,1,,
SH029,형태별 보험료 수입(모집방법),C,1,,
SH111,자산건전성(자산 건전성 분류),A,1,,
SH111,자산건전성(자산 건전성 분류),B,1,,
SH111,자산건전성(자산 건전성 분류),C,1,,
SH111,자산건전성(자산 건전성 분류),D,1,,
SH111,자산건전성(자산 건전성 분류),E,1,,
SH111,자산건전성(자산 건전성 분류),F,1,,
SH111,자산건전성(자산 건전성 분류),G,1,,
SH111,자산건전성(자산 건전성 분류),H,1,,
SH111,자산건전성(자산 건전성 분류),I,1,,
SH111,자산건전성(자산 건전성 분류),J,1,,
SH111,자산건전성(자산 건전성 분류),K,1,,
SH112,자산건전성(자산 건전성 비율),A1,2,A,1.0
SH112,자산건전성(자산 건전성 비율),A2,2,A,1.0
SH112,자산건전성(자산 건전성 비율),A,1,,
SH113,대출채권 연체현황(대출채권 연체현황),A0,2,,
SH113,대출채권 연체현황(대출채권 연체현황),A1,2,,
SH113,대출채권 연체현황(대출채권 연체현황),A2,2,,
SH113,대출채권 연체현황(대출채권 연체현황),A3,2,,
SH113,대출채권 연체현황(대출채권 연체현황),A4,2,,
SH113,대출채권 연체현황(대출채권 연체현황),A5,2,,
SH113,대출채권 연체현황(대출채권 연체현황),A6,2,,
SH113,대출채권 연체현황(대출채권 연체현황),A7,2,,
SH113,대출채권 연체현황(대출채권 연체현황),A8,2,,
SH114,경영효율지표,C1,2,C,1.0
SH114,경영효율지표,C2,2,C,1.0
SH114,경영효율지표,D1,2,D,1.0
SH114,경영효율지표,D2,2,D,1.0
SH114,경영효율지표,G1,2,G,1.0
SH114,경영효율지표,G2,2,G,1.0
SH114,경영효율지표,A,1,,
SH114,경영효율지표,B,1,,
SH114,경영효율지표,C,1,,
SH114,경영효율지표,D,1,,
SH114,경영효율지표,E,1,,
SH114,경영효율지표,F,1,,
SH114,경영효율지표,G,1,,
SH114,경영효율지표,H,1,,
SH115,유동성,A1,2,A,1.0
SH115,유동성,A2,2,A,1.0
SH115,유동성,B1,2,B,1.0
SH115,유동성,B2,2,B,1.0
SH115,유동성,A,1,,
SH115,유동성,B,1,,
SH117,용도별 대출채권(용도별 대출채권),B1,2,B,1.0
SH117,용도별 대출채권(용도별 대출채권),A,1,,
SH117,용도별 대출채권(용도별 대출채권),B,1,,
SH117,용도별 대출채권(용도별 대출채권),C,1,,
SH117,용도별 대출채권(용도별 대출채권),D,1,,
SH117,용도별 대출채권(용도별 대출채권),E,1,,
SH118,용도별 대출채권(가계대출채권),A1,2,A,1.0
SH118,용도별 대출채권(가계대출채권),A2,2,A,1.0
SH118,용도별 대출채권(가계대출채권),A3,2,A,1.0
SH118,용도별 대출채권(가계대출채권),A4,2,A,1.0
SH118,용도별 대출채권(가계대출채권),A5,2,A,1.0
SH118,용도별 대출채권(가계대출채권),A,1,,
SH119,용도별 대출채권(중소기업 대출채권),A1,2,A,1.0
SH119,용도별 대출채권(중소기업 대출채권),A2,2,A,1.0
SH119,용도별 대출채권(중소기업 대출채권),A3,2,A,1.0
SH119,용도별 대출채권(중소기업 대출채권),A4,2,A,1.0
SH119,용도별 대출채권(중소기업 대출채권),A5,2,A,1.0
SH119,용도별 대출채권(중소기업 대출채권),A6,2,A,1.0
SH119,용도별 대출채권(중소기업 대출채권),AA,2,A,1.0
SH119,용도별 대출채권(중소기업 대출채권),A,1,,
SH120,용도별 대출채권(대기업 대출채권),A1,2,A,1.0
SH120,용도별 대출채권(대기업 대출채권),A2,2,A,1.0
SH120,용도별 대출채권(대기업 대출채권),A3,2,A,1.0
SH120,용도별 대출채권(대기업 대출채권),A4,2,A,1.0
SH120,용도별 대출채권(대기업 대출채권),A5,2,A,1.0
SH120,용도별 대출채권(대기업 대출채권),A6,2,A,1.0
SH120,용도별 대출채권(대기업 대출채권),A,1,,
SH121,용도별 대출채권(공공 및 기타자금 대출채권),A1,2,A,1.0
SH121,용도별 대출채권(공공 및 기타자금 대출채권),A2,2,A,1.0
SH121,용도별 대출채권(공공 및 기타자금 대출채권),A3,2,A,1.0
SH121,용도별 대출채권(공공 및 기타자금 대출채권),A4,2,A,1.0
SH121,용도별 대출채권(공공 및 기타자금 대출채권),A5,2,A,1.0
SH121,용도별 대출채권(공공 및 기타자금 대출채권),A6,2,A,1.0
SH121,용도별 대출채권(공공 및 기타자금 대출채권),A,1,,
SH122,업종별 대출금,A,1,,
SH122,업종별 대출금,B,1,,
SH122,업종별 대출금,C,1,,
SH122,업종별 대출금,D,1,,
SH122,업종별 대출금,E,1,,
SH122,업종별 대출금,F,1,,
SH122,업종별 대출금,G,1,,
SH122,업종별 대출금,H,1,,
SH122,업종별 대출금,I,1,,
SH123,책임준비금 적립현황(22.12월 이전),A51,3,A5,2.0
SH123,책임준비금 적립현황(22.12월 이전),A52,3,A5,2.0
SH123,책임준비금 적립현황(22.12월 이전),A53,3,A5,2.0
SH123,책임준비금 적립현황(22.12월 이전),A54,3,A5,2.0
SH123,책임준비금 적립현황(22.12월 이전),A55,3,A5,2.0
SH123,책임준비금 적립현황(22.12월 이전),A56,3,A5,2.0
SH123,책임준비금 적립현황(22.12월 이전),A1,2,A,1.0
SH123,책임준비금 적립현황(22.12월 이전),A2,2,A,1.0
SH123,책임준비금 적립현황(22.12월 이전),A3,2,A,1.0
SH123,책임준비금 적립현황(22.12월 이전),A4,2,A,1.0
SH123,책임준비금 적립현황(22.12월 이전),A5,2,A,1.0
SH123,책임준비금 적립현황(22.12월 이전),A6,2,A,1.0
SH123,책임준비금 적립현황(22.12월 이전),A7,2,A,1.0
SH123,책임준비금 적립현황(22.12월 이전),A8,2,A,1.0
SH123,책임준비금 적립현황(22.12월 이전),A,1,,
SH124,보험금 현황(일반계정(22.12월 이전)),A1,2,A,1.0
SH124,보험금 현황(일반계정(22.12월 이전)),A2,2,A,1.0
SH124,보험금 현황(일반계정(22.12월 이전)),A3,2,A,1.0
SH124,보험금 현황(일반계정(22.12월 이전)),A4,2,A,1.0
SH124,보험금 현황(일반계정(22.12월 이전)),A,1,,
SH125,보험금 현황(특별계정(22.12월 이전)),A1,2,A,1.0
SH125,보험금 현황(특별계정(22.12월 이전)),A2,2,A,1.0
SH125,보험금 현황(특별계정(22.12월 이전)),A3,2,A,1.0
SH125,보험금 현황(특별계정(22.12월 이전)),A4,2,A,1.0
SH125,보험금 현황(특별계정(22.12월 이전)),A,1,,
SH126,환급금 현황(일반계정(22.12월 이전)),A1,2,A,1.0
SH126,환급금 현황(일반계정(22.12월 이전)),A2,2,A,1.0
SH126,환급금 현황(일반계정(22.12월 이전)),A3,2,A,1.0
SH126,환급금 현황(일반계정(22.12월 이전)),A,1,,
SH127,환급금 현황(특별계정(22.12월 이전)),A1,2,A,1.0
SH127,환급금 현황(특별계정(22.12월 이전)),A2,2,A,1.0
SH127,환급금 현황(특별계정(22.12월 이전)),A3,2,A,1.0
SH127,환급금 현황(특별계정(22.12월 이전)),A,1,,
SH128,용도별 대출채권(대출채권 용도별 대손충당금),B1,2,B,1.0
SH128,용도별 대출채권(대출채권 용도별 대손충당금),A,1,,
SH128,용도별 대출채권(대출채권 용도별 대손충당금),B,1,,
SH128,용도별 대출채권(대출채권 용도별 대손충당금),C,1,,
SH128,용도별 대출채권(대출채권 용도별 대손충당금),D,1,,
SH128,용도별 대출채권(대출채권 용도별 대손충당금),E,1,,
SH129,유가증권 투자현황(일반계정)(당기손익인식증권(22.12월 이전)),A1,2,A,1.0
SH129,유가증권 투자현황(일반계정)(당기손익인식증권(22.12월 이전)),A2,2,A,1.0
SH129,유가증권 투자현황(일반계정)(당기손익인식증권(22.12월 이전)),A3,2,A,1.0
SH129,유가증권 투자현황(일반계정)(당기손익인식증권(22.12월 이전)),A4,2,A,1.0
SH129,유가증권 투자현황(일반계정)(당기손익인식증권(22.12월 이전)),A5,2,A,1.0
SH129,유가증권 투자현황(일반계정)(당기손익인식증권(22.12월 이전)),A,1,,
SH130,유가증권 투자현황(특별계정)(당기손익인식증권(22.12월 이전)),A1,2,A,1.0
SH130,유가증권 투자현황(특별계정)(당기손익인식증권(22.12월 이전)),A2,2,A,1.0
SH130,유가증권 투자현황(특별계정)(당기손익인식증권(22.12월 이전)),A3,2,A,1.0
SH130,유가증권 투자현황(특별계정)(당기손익인식증권(22.12월 이전)),A4,2,A,1.0
SH130,유가증권 투자현황(특별계정)(당기손익인식증권(22.12월 이전)),A5,2,A,1.0
SH130,유가증권 투자현황(특별계정)(당기손익인식증권(22.12월 이전)),A,1,,
SH131,유가증권 투자현황(일반계정)(매도가능증권(22.12월 이전)),A1,2,A,1.0
SH131,유가증권 투자현황(일반계정)(매도가능증권(22.12월 이전)),A2,2,A,1.0
SH131,유가증권 투자현황(일반계정)(매도가능증권(22.12월 이전)),A3,2,A,1.0
SH131,유가증권 투자현황(일반계정)(매도가능증권(22.12월 이전)),A4,2,A,1.0
SH131,유가증권 투자현황(일반계정)(매도가능증권(22.12월 이전)),A5,2,A,1.0
SH131,유가증권 투자현황(일반계정)(매도가능증권(22.12월 이전)),A,1,,
SH132,유가증권 투자현황(특별계정)(매도가능증권(22.12월 이전)),A1,2,A,1.0
SH132,유가증권 투자현황(특별계정)(매도가능증권(22.12월 이전)),A2,2,A,1.0
SH132,유가증권 투자현황(특별계정)(매도가능증권(22.12월 이전)),A3,2,A,1.0
SH132,유가증권 투자현황(특별계정)(매도가능증권(22.12월 이전)),A4,2,A,1.0
SH132,유가증권 투자현황(특별계정)(매도가능증권(22.12월 이전)),A5,2,A,1.0
SH132,유가증권 투자현황(특별계정)(매도가능증권(22.12월 이전)),A,1,,
SH133,유가증권 투자현황(일반계정)(만기보유증권(22.12월 이전)),A1,2,A,1.0
SH133,유가증권 투자현황(일반계정)(만기보유증권(22.12월 이전)),A2,2,A,1.0
SH133,유가증권 투자현황(일반계정)(만기보유증권(22.12월 이전)),A3,2,A,1.0
SH133,유가증권 투자현황(일반계정)(만기보유증권(22.12월 이전)),A4,2,A,1.0
SH133,유가증권 투자현황(일반계정)(만기보유증권(22.12월 이전)),A,1,,
SH134,유가증권 투자현황(특별계정)(만기보유증권(22.12월 이전)),A1,2,A,1.0
SH134,유가증권 투자현황(특별계정)(만기보유증권(22.12월 이전)),A2,2,A,1.0
SH134,유가증권 투자현황(특별계정)(만기보유증권(22.12월 이전)),A3,2,A,1.0
SH134,유가증권 투자현황(특별계정)(만기보유증권(22.12월 이전)),A4,2,A,1.0
SH134,유가증권 투자현황(특별계정)(만기보유증권(22.12월 이전)),A,1,,
SH135,부동산 보유현황,A121,4,A12,3.0
SH135,부동산 보유현황,A131,4,A13,3.0
SH135,부동산 보유현황,A141,4,A14,3.0
SH135,부동산 보유현황,A142,4,A14,3.0
SH135,부동산 보유현황,A143,4,A14,3.0
SH135,부동산 보유현황,A144,4,A14,3.0
SH135,부동산 보유현황,A145,4,A14,3.0
SH135,부동산 보유현황,A161,4,A16,3.0
SH135,부동산 보유현황,A11,3,A1,2.0
SH135,부동산 보유현황,A12,3,A1,2.0
SH135,부동산 보유현황,A13,3,A1,2.0
SH135,부동산 보유현황,A14,3,A1,2.0
SH135,부동산 보유현황,A15,3,A1,2.0
SH135,부동산 보유현황,A16,3,A1,2.0
SH135,부동산 보유현황,A1,2,A,1.0
SH135,부동산 보유현황,A,1,,
SH136,손익발생원천별 실적(22.12월 이전),A1,2,A,1.0
SH136,손익발생원천별 실적(22.12월 이전),A2,2,A,1.0
SH136,손익발생원천별 실적(22.12월 이전),B1,2,B,1.0
SH136,손익발생원천별 실적(22.12월 이전),B2,2,B,1.0
SH136,손익발생원천별 실적(22.12월 이전),E1,2,E,1.0
SH136,손익발생원천별 실적(22.12월 이전),E2,2,E,1.0
SH136,손익발생원천별 실적(22.12월 이전),F1,2,F,1.0
SH136,손익발생원천별 실적(22.12월 이전),F2,2,F,1.0
SH136,손익발생원천별 실적(22.12월 이전),A,1,,
SH136,손익발생원천별 실적(22.12월 이전),B,1,,
SH136,손익발생원천별 실적(22.12월 이전),C,1,,
SH136,손익발생원천별 실적(22.12월 이전),D,1,,
SH136,손익발생원천별 실적(22.12월 이전),E,1,,
SH136,손익발생원천별 실적(22.12월 이전),F,1,,
SH136,손익발생원천별 실적(22.12월 이전),G,1,,
SH136,손익발생원천별 실적(22.12월 이전),H,1,,
SH136,손익발생원천별 실적(22.12월 이전),I,1,,
SH137,대출채권 연체현황(용도별 대출채권 연체현황),C1,2,C,1.0
SH137,대출채권 연체현황(용도별 대출채권 연체현황),B,1,,
SH137,대출채권 연체현황(용도별 대출채권 연체현황),C,1,,
SH137,대출채권 연체현황(용도별 대출채권 연체현황),D,1,,
SH137,대출채권 연체현황(용도별 대출채권 연체현황),E,1,,
SH137,대출채권 연체현황(용도별 대출채권 연체현황),F,1,,
SH138,대출채권 연체현황(업종별 대출채권 연체현황),A,1,,
SH138,대출채권 연체현황(업종별 대출채권 연체현황),B,1,,
SH138,대출채권 연체현황(업종별 대출채권 연체현황),C,1,,
SH138,대출채권 연체현황(업종별 대출채권 연체현황),D,1,,
SH138,대출채권 연체현황(업종별 대출채권 연체현황),E,1,,
SH138,대출채권 연체현황(업종별 대출채권 연체현황),F,1,,
SH138,대출채권 연체현황(업종별 대출채권 연체현황),G,1,,
SH138,대출채권 연체현황(업종별 대출채권 연체현황),H,1,,
SH138,대출채권 연체현황(업종별 대출채권 연체현황),I,1,,
SH139,가계담보대출의 건전성 현황,A,1,,
SH139,가계담보대출의 건전성 현황,B,1,,
SH139,가계담보대출의 건전성 현황,C,1,,
SH139,가계담보대출의 건전성 현황,D,1,,
SH139,가계담보대출의 건전성 현황,E,1,,
SH139,가계담보대출의 건전성 현황,F,1,,
SH139,가계담보대출의 건전성 현황,G,1,,
SH140,보험종류별 책임준비금 현황(22.12월 이전),A,1,,
SH140,보험종류별 책임준비금 현황(22.12월 이전),B,1,,
SH140,보험종류별 책임준비금 현황(22.12월 이전),C,1,,
SH140,보험종류별 책임준비금 현황(22.12월 이전),D,1,,
SH140,보험종류별 책임준비금 현황(22.12월 이전),E,1,,
SH140,보험종류별 책임준비금 현황(22.12월 이전),F,1,,
SH140,보험종류별 책임준비금 현황(22.12월 이전),G,1,,
SH140,보험종류별 책임준비금 현황(22.12월 이전),H,1,,
SH142,주요손익현황,A1,2,A,1.0
SH142,주요손익현황,A2,2,A,1.0
SH142,주요손익현황,A3,2,A,1.0
SH142,주요손익현황,A4,2,A,1.0
SH142,주요손익현황,A5,2,A,1.0
SH142,주요손익현황,A,1,,
SH143,보험영업현황,B1,2,B,1.0
SH143,보험영업현황,A,1,,
SH143,보험영업현황,B,1,,
SH144,대출채권현황(특별계정포함),A21,3,A2,2.0
SH144,대출채권현황(특별계정포함),A22,3,A2,2.0
SH144,대출채권현황(특별계정포함),A23,3,A2,2.0
SH144,대출채권현황(특별계정포함),A1,2,A,1.0
SH144,대출채권현황(특별계정포함),A2,2,A,1.0
SH144,대출채권현황(특별계정포함),A,1,,
SH145,대출채권연체율,A21,3,A2,2.0
SH145,대출채권연체율,A22,3,A2,2.0
SH145,대출채권연체율,A23,3,A2,2.0
SH145,대출채권연체율,A1,2,A,1.0
SH145,대출채권연체율,A2,2,A,1.0
SH145,대출채권연체율,A,1,,
SH146,가계대출,A1,2,A,1.0
SH146,가계대출,A2,2,A,1.0
SH146,가계대출,A3,2,A,1.0
SH146,가계대출,A4,2,A,1.0
SH146,가계대출,A,1,,
SH147,가계대출연체율,A1,2,A,1.0
SH147,가계대출연체율,A2,2,A,1.0
SH147,가계대출연체율,A3,2,A,1.0
SH147,가계대출연체율,A4,2,A,1.0
SH147,가계대출연체율,A,1,,
SH148,RBC 비율,A,1,,
SH149,유가증권 투자현황(특별계정)(실적배당형 특별계정(23.3월 이후)),A1,2,A,1.0
SH149,유가증권 투자현황(특별계정)(실적배당형 특별계정(23.3월 이후)),A2,2,A,1.0
SH149,유가증권 투자현황(특별계정)(실적배당형 특별계정(23.3월 이후)),A3,2,A,1.0
SH149,유가증권 투자현황(특별계정)(실적배당형 특별계정(23.3월 이후)),A4,2,A,1.0
SH149,유가증권 투자현황(특별계정)(실적배당형 특별계정(23.3월 이후)),A5,2,A,1.0
SH149,유가증권 투자현황(특별계정)(실적배당형 특별계정(23.3월 이후)),A,1,,
SH150,요약재무상태표(자산-전체(23.3월 이후)),A1111,5,A111,4.0
SH150,요약재무상태표(자산-전체(23.3월 이후)),A1112,5,A111,4.0
SH150,요약재무상태표(자산-전체(23.3월 이후)),A1113,5,A111,4.0
SH150,요약재무상태표(자산-전체(23.3월 이후)),A1114,5,A111,4.0
SH150,요약재무상태표(자산-전체(23.3월 이후)),A1115,5,A111,4.0
SH150,요약재무상태표(자산-전체(23.3월 이후)),A1116,5,A111,4.0
SH150,요약재무상태표(자산-전체(23.3월 이후)),A1117,5,A111,4.0
SH150,요약재무상태표(자산-전체(23.3월 이후)),BB131,5,BB13,4.0
SH150,요약재무상태표(자산-전체(23.3월 이후)),BB141,5,BB14,4.0
SH150,요약재무상태표(자산-전체(23.3월 이후)),BB151,5,BB15,4.0
SH150,요약재무상태표(자산-전체(23.3월 이후)),BB181,5,BB18,4.0
SH150,요약재무상태표(자산-전체(23.3월 이후)),BB182,5,BB18,4.0
SH150,요약재무상태표(자산-전체(23.3월 이후)),BB183,5,BB18,4.0
SH150,요약재무상태표(자산-전체(23.3월 이후)),BB184,5,BB18,4.0
SH150,요약재무상태표(자산-전체(23.3월 이후)),BB185,5,BB18,4.0
SH150,요약재무상태표(자산-전체(23.3월 이후)),BB18A,5,BB18,4.0
SH150,요약재무상태표(자산-전체(23.3월 이후)),BB18B,5,BB18,4.0
SH150,요약재무상태표(자산-전체(23.3월 이후)),BB191,5,BB19,4.0
SH150,요약재무상태표(자산-전체(23.3월 이후)),BB192,5,BB19,4.0
SH150,요약재무상태표(자산-전체(23.3월 이후)),BB193,5,BB19,4.0
SH150,요약재무상태표(자산-전체(23.3월 이후)),BB194,5,BB19,4.0
SH150,요약재무상태표(자산-전체(23.3월 이후)),BB195,5,BB19,4.0
SH150,요약재무상태표(자산-전체(23.3월 이후)),BB201,5,BB20,4.0
SH150,요약재무상태표(자산-전체(23.3월 이후)),BB202,5,BB20,4.0
SH150,요약재무상태표(자산-전체(23.3월 이후)),BB203,5,BB20,4.0
SH150,요약재무상태표(자산-전체(23.3월 이후)),A111,4,A11,3.0
SH150,요약재무상태표(자산-전체(23.3월 이후)),A211,4,A21,3.0
SH150,요약재무상태표(자산-전체(23.3월 이후)),A212,4,A21,3.0
SH150,요약재무상태표(자산-전체(23.3월 이후)),A213,4,A21,3.0
SH150,요약재무상태표(자산-전체(23.3월 이후)),A214,4,A21,3.0
SH150,요약재무상태표(자산-전체(23.3월 이후)),A215,4,A21,3.0
SH150,요약재무상태표(자산-전체(23.3월 이후)),A216,4,A21,3.0
SH150,요약재무상태표(자산-전체(23.3월 이후)),A217,4,A21,3.0
SH150,요약재무상태표(자산-전체(23.3월 이후)),A218,4,A21,3.0
SH150,요약재무상태표(자산-전체(23.3월 이후)),A219,4,A21,3.0
SH150,요약재무상태표(자산-전체(23.3월 이후)),A21A,4,A21,3.0
SH150,요약재무상태표(자산-전체(23.3월 이후)),A221,4,A22,3.0
SH150,요약재무상태표(자산-전체(23.3월 이후)),A222,4,A22,3.0
SH150,요약재무상태표(자산-전체(23.3월 이후)),A223,4,A22,3.0
SH150,요약재무상태표(자산-전체(23.3월 이후)),A224,4,A22,3.0
SH150,요약재무상태표(자산-전체(23.3월 이후)),A225,4,A22,3.0
SH150,요약재무상태표(자산-전체(23.3월 이후)),A226,4,A22,3.0
SH150,요약재무상태표(자산-전체(23.3월 이후)),A227,4,A22,3.0
SH150,요약재무상태표(자산-전체(23.3월 이후)),A228,4,A22,3.0
SH150,요약재무상태표(자산-전체(23.3월 이후)),A229,4,A22,3.0
SH150,요약재무상태표(자산-전체(23.3월 이후)),A231,4,A23,3.0
SH150,요약재무상태표(자산-전체(23.3월 이후)),A232,4,A23,3.0
SH150,요약재무상태표(자산-전체(23.3월 이후)),A233,4,A23,3.0
SH150,요약재무상태표(자산-전체(23.3월 이후)),A234,4,A23,3.0
SH150,요약재무상태표(자산-전체(23.3월 이후)),A235,4,A23,3.0
SH150,요약재무상태표(자산-전체(23.3월 이후)),A236,4,A23,3.0
SH150,요약재무상태표(자산-전체(23.3월 이후)),A237,4,A23,3.0
SH150,요약재무상태표(자산-전체(23.3월 이후)),A238,4,A23,3.0
SH150,요약재무상태표(자산-전체(23.3월 이후)),A241,4,A24,3.0
SH150,요약재무상태표(자산-전체(23.3월 이후)),A242,4,A24,3.0
SH150,요약재무상태표(자산-전체(23.3월 이후)),A243,4,A24,3.0
SH150,요약재무상태표(자산-전체(23.3월 이후)),A24A,4,A24,3.0
SH150,요약재무상태표(자산-전체(23.3월 이후)),A24B,4,A24,3.0
SH150,요약재무상태표(자산-전체(23.3월 이후)),A4A1,4,A4A,3.0
SH150,요약재무상태표(자산-전체(23.3월 이후)),A4A2,4,A4A,3.0
SH150,요약재무상태표(자산-전체(23.3월 이후)),A4A3,4,A4A,3.0
SH150,요약재무상태표(자산-전체(23.3월 이후)),A4A4,4,A4A,3.0
SH150,요약재무상태표(자산-전체(23.3월 이후)),B101,4,B10,3.0
SH150,요약재무상태표(자산-전체(23.3월 이후)),B102,4,B10,3.0
SH150,요약재무상태표(자산-전체(23.3월 이후)),B103,4,B10,3.0
SH150,요약재무상태표(자산-전체(23.3월 이후)),B111,4,B11,3.0
SH150,요약재무상태표(자산-전체(23.3월 이후)),B112,4,B11,3.0
SH150,요약재무상태표(자산-전체(23.3월 이후)),B113,4,B11,3.0
SH150,요약재무상태표(자산-전체(23.3월 이후)),BB11,4,,
SH150,요약재무상태표(자산-전체(23.3월 이후)),BB12,4,,
SH150,요약재무상태표(자산-전체(23.3월 이후)),BB13,4,,
SH150,요약재무상태표(자산-전체(23.3월 이후)),BB14,4,,
SH150,요약재무상태표(자산-전체(23.3월 이후)),BB15,4,,
SH150,요약재무상태표(자산-전체(23.3월 이후)),BB16,4,,
SH150,요약재무상태표(자산-전체(23.3월 이후)),BB17,4,,
SH150,요약재무상태표(자산-전체(23.3월 이후)),BB18,4,,
SH150,요약재무상태표(자산-전체(23.3월 이후)),BB19,4,,
SH150,요약재무상태표(자산-전체(23.3월 이후)),BB20,4,,
SH150,요약재무상태표(자산-전체(23.3월 이후)),BB21,4,,
SH150,요약재무상태표(자산-전체(23.3월 이후)),BB22,4,,
SH150,요약재무상태표(자산-전체(23.3월 이후)),A11,3,A1,2.0
SH150,요약재무상태표(자산-전체(23.3월 이후)),A12,3,A1,2.0
SH150,요약재무상태표(자산-전체(23.3월 이후)),A13,3,A1,2.0
SH150,요약재무상태표(자산-전체(23.3월 이후)),A14,3,A1,2.0
SH150,요약재무상태표(자산-전체(23.3월 이후)),A21,3,A2,2.0
SH150,요약재무상태표(자산-전체(23.3월 이후)),A22,3,A2,2.0
SH150,요약재무상태표(자산-전체(23.3월 이후)),A23,3,A2,2.0
SH150,요약재무상태표(자산-전체(23.3월 이후)),A24,3,A2,2.0
SH150,요약재무상태표(자산-전체(23.3월 이후)),A31,3,A3,2.0
SH150,요약재무상태표(자산-전체(23.3월 이후)),A32,3,A3,2.0
SH150,요약재무상태표(자산-전체(23.3월 이후)),A33,3,A3,2.0
SH150,요약재무상태표(자산-전체(23.3월 이후)),A34,3,A3,2.0
SH150,요약재무상태표(자산-전체(23.3월 이후)),A35,3,A3,2.0
SH150,요약재무상태표(자산-전체(23.3월 이후)),A36,3,A3,2.0
SH150,요약재무상태표(자산-전체(23.3월 이후)),A37,3,A3,2.0
SH150,요약재무상태표(자산-전체(23.3월 이후)),A38,3,A3,2.0
SH150,요약재무상태표(자산-전체(23.3월 이후)),A39,3,A3,2.0
SH150,요약재무상태표(자산-전체(23.3월 이후)),A3A,3,A3,2.0
SH150,요약재무상태표(자산-전체(23.3월 이후)),A3B,3,A3,2.0
SH150,요약재무상태표(자산-전체(23.3월 이후)),A3C,3,A3,2.0
SH150,요약재무상태표(자산-전체(23.3월 이후)),A3D,3,A3,2.0
SH150,요약재무상태표(자산-전체(23.3월 이후)),A41,3,A4,2.0
SH150,요약재무상태표(자산-전체(23.3월 이후)),A42,3,A4,2.0
SH150,요약재무상태표(자산-전체(23.3월 이후)),A43,3,A4,2.0
SH150,요약재무상태표(자산-전체(23.3월 이후)),A44,3,A4,2.0
SH150,요약재무상태표(자산-전체(23.3월 이후)),A45,3,A4,2.0
SH150,요약재무상태표(자산-전체(23.3월 이후)),A46,3,A4,2.0
SH150,요약재무상태표(자산-전체(23.3월 이후)),A47,3,A4,2.0
SH150,요약재무상태표(자산-전체(23.3월 이후)),A48,3,A4,2.0
SH150,요약재무상태표(자산-전체(23.3월 이후)),A49,3,A4,2.0
SH150,요약재무상태표(자산-전체(23.3월 이후)),A4A,3,A4,2.0
SH150,요약재무상태표(자산-전체(23.3월 이후)),A50,3,,
SH150,요약재무상태표(자산-전체(23.3월 이후)),A51,3,,
SH150,요약재무상태표(자산-전체(23.3월 이후)),B10,3,B1,2.0
SH150,요약재무상태표(자산-전체(23.3월 이후)),B11,3,B1,2.0
SH150,요약재무상태표(자산-전체(23.3월 이후)),B21,3,B2,2.0
SH150,요약재무상태표(자산-전체(23.3월 이후)),B22,3,B2,2.0
SH150,요약재무상태표(자산-전체(23.3월 이후)),B31,3,B3,2.0
SH150,요약재무상태표(자산-전체(23.3월 이후)),B32,3,B3,2.0
SH150,요약재무상태표(자산-전체(23.3월 이후)),B41,3,B4,2.0
SH150,요약재무상태표(자산-전체(23.3월 이후)),B42,3,B4,2.0
SH150,요약재무상태표(자산-전체(23.3월 이후)),B43,3,B4,2.0
SH150,요약재무상태표(자산-전체(23.3월 이후)),B44,3,B4,2.0
SH150,요약재무상태표(자산-전체(23.3월 이후)),B45,3,B4,2.0
SH150,요약재무상태표(자산-전체(23.3월 이후)),B46,3,B4,2.0
SH150,요약재무상태표(자산-전체(23.3월 이후)),B51,3,B5,2.0
SH150,요약재무상태표(자산-전체(23.3월 이후)),B91,3,B9,2.0
SH150,요약재무상태표(자산-전체(23.3월 이후)),B92,3,B9,2.0
SH150,요약재무상태표(자산-전체(23.3월 이후)),A1,2,A,1.0
SH150,요약재무상태표(자산-전체(23.3월 이후)),A2,2,A,1.0
SH150,요약재무상태표(자산-전체(23.3월 이후)),A3,2,A,1.0
SH150,요약재무상태표(자산-전체(23.3월 이후)),A4,2,A,1.0
SH150,요약재무상태표(자산-전체(23.3월 이후)),AA,2,A,1.0
SH150,요약재무상태표(자산-전체(23.3월 이후)),AB,2,A,1.0
SH150,요약재무상태표(자산-전체(23.3월 이후)),AC,2,A,1.0
SH150,요약재무상태표(자산-전체(23.3월 이후)),AD,2,A,1.0
SH150,요약재무상태표(자산-전체(23.3월 이후)),AE,2,A,1.0
SH150,요약재무상태표(자산-전체(23.3월 이후)),AF,2,A,1.0
SH150,요약재무상태표(자산-전체(23.3월 이후)),AG,2,A,1.0
SH150,요약재무상태표(자산-전체(23.3월 이후)),AH,2,A,1.0
SH150,요약재무상태표(자산-전체(23.3월 이후)),AI,2,A,1.0
SH150,요약재무상태표(자산-전체(23.3월 이후)),AJ,2,A,1.0
SH150,요약재무상태표(자산-전체(23.3월 이후)),B1,2,B,1.0
SH150,요약재무상태표(자산-전체(23.3월 이후)),B2,2,B,1.0
SH150,요약재무상태표(자산-전체(23.3월 이후)),B3,2,B,1.0
SH150,요약재무상태표(자산-전체(23.3월 이후)),B4,2,B,1.0
SH150,요약재무상태표(자산-전체(23.3월 이후)),B5,2,B,1.0
SH150,요약재무상태표(자산-전체(23.3월 이후)),B6,2,B,1.0
SH150,요약재무상태표(자산-전체(23.3월 이후)),B7,2,B,1.0
SH150,요약재무상태표(자산-전체(23.3월 이후)),B8,2,B,1.0
SH150,요약재무상태표(자산-전체(23.3월 이후)),B9,2,B,1.0
SH150,요약재무상태표(자산-전체(23.3월 이후)),C1,2,C,1.0
SH150,요약재무상태표(자산-전체(23.3월 이후)),C2,2,C,1.0
SH150,요약재무상태표(자산-전체(23.3월 이후)),C3,2,C,1.0
SH150,요약재무상태표(자산-전체(23.3월 이후)),C4,2,C,1.0
SH150,요약재무상태표(자산-전체(23.3월 이후)),A,1,,
SH150,요약재무상태표(자산-전체(23.3월 이후)),B,1,,
SH150,요약재무상태표(자산-전체(23.3월 이후)),C,1,,
SH151,요약재무상태표(부채 및 자본(23.3월 이후)),D151,4,D15,3.0
SH151,요약재무상태표(부채 및 자본(23.3월 이후)),D161,4,D16,3.0
SH151,요약재무상태표(부채 및 자본(23.3월 이후)),D162,4,D16,3.0
SH151,요약재무상태표(부채 및 자본(23.3월 이후)),D163,4,D16,3.0
SH151,요약재무상태표(부채 및 자본(23.3월 이후)),D164,4,D16,3.0
SH151,요약재무상태표(부채 및 자본(23.3월 이후)),D171,4,D17,3.0
SH151,요약재무상태표(부채 및 자본(23.3월 이후)),D172,4,D17,3.0
SH151,요약재무상태표(부채 및 자본(23.3월 이후)),D173,4,D17,3.0
SH151,요약재무상태표(부채 및 자본(23.3월 이후)),D174,4,D17,3.0
SH151,요약재무상태표(부채 및 자본(23.3월 이후)),D175,4,D17,3.0
SH151,요약재무상태표(부채 및 자본(23.3월 이후)),D17A,4,D17,3.0
SH151,요약재무상태표(부채 및 자본(23.3월 이후)),D17B,4,D17,3.0
SH151,요약재무상태표(부채 및 자본(23.3월 이후)),D211,4,D21,3.0
SH151,요약재무상태표(부채 및 자본(23.3월 이후)),D212,4,D21,3.0
SH151,요약재무상태표(부채 및 자본(23.3월 이후)),F11A,4,F11,3.0
SH151,요약재무상태표(부채 및 자본(23.3월 이후)),F12A,4,F12,3.0
SH151,요약재무상태표(부채 및 자본(23.3월 이후)),F421,4,F42,3.0
SH151,요약재무상태표(부채 및 자본(23.3월 이후)),F451,4,F45,3.0
SH151,요약재무상태표(부채 및 자본(23.3월 이후)),F671,4,F67,3.0
SH151,요약재무상태표(부채 및 자본(23.3월 이후)),F672,4,F67,3.0
SH151,요약재무상태표(부채 및 자본(23.3월 이후)),F673,4,F67,3.0
SH151,요약재무상태표(부채 및 자본(23.3월 이후)),F674,4,F67,3.0
SH151,요약재무상태표(부채 및 자본(23.3월 이후)),B11,3,B1,2.0
SH151,요약재무상태표(부채 및 자본(23.3월 이후)),B12,3,B1,2.0
SH151,요약재무상태표(부채 및 자본(23.3월 이후)),B13,3,B1,2.0
SH151,요약재무상태표(부채 및 자본(23.3월 이후)),B1A,3,B1,2.0
SH151,요약재무상태표(부채 및 자본(23.3월 이후)),B1B,3,B1,2.0
SH151,요약재무상태표(부채 및 자본(23.3월 이후)),B1C,3,B1,2.0
SH151,요약재무상태표(부채 및 자본(23.3월 이후)),B21,3,B2,2.0
SH151,요약재무상태표(부채 및 자본(23.3월 이후)),B22,3,B2,2.0
SH151,요약재무상태표(부채 및 자본(23.3월 이후)),D10,3,D1,2.0
SH151,요약재무상태표(부채 및 자본(23.3월 이후)),D11,3,D1,2.0
SH151,요약재무상태표(부채 및 자본(23.3월 이후)),D12,3,D1,2.0
SH151,요약재무상태표(부채 및 자본(23.3월 이후)),D13,3,D1,2.0
SH151,요약재무상태표(부채 및 자본(23.3월 이후)),D14,3,D1,2.0
SH151,요약재무상태표(부채 및 자본(23.3월 이후)),D15,3,D1,2.0
SH151,요약재무상태표(부채 및 자본(23.3월 이후)),D16,3,D1,2.0
SH151,요약재무상태표(부채 및 자본(23.3월 이후)),D17,3,D1,2.0
SH151,요약재무상태표(부채 및 자본(23.3월 이후)),D18,3,D1,2.0
SH151,요약재무상태표(부채 및 자본(23.3월 이후)),D19,3,D1,2.0
SH151,요약재무상태표(부채 및 자본(23.3월 이후)),D20,3,D2,2.0
SH151,요약재무상태표(부채 및 자본(23.3월 이후)),D21,3,D2,2.0
SH151,요약재무상태표(부채 및 자본(23.3월 이후)),D22,3,D2,2.0
SH151,요약재무상태표(부채 및 자본(23.3월 이후)),D23,3,D2,2.0
SH151,요약재무상태표(부채 및 자본(23.3월 이후)),D51,3,D5,2.0
SH151,요약재무상태표(부채 및 자본(23.3월 이후)),D52,3,D5,2.0
SH151,요약재무상태표(부채 및 자본(23.3월 이후)),D53,3,D5,2.0
SH151,요약재무상태표(부채 및 자본(23.3월 이후)),D54,3,D5,2.0
SH151,요약재무상태표(부채 및 자본(23.3월 이후)),D55,3,D5,2.0
SH151,요약재무상태표(부채 및 자본(23.3월 이후)),D61,3,D6,2.0
SH151,요약재무상태표(부채 및 자본(23.3월 이후)),D62,3,D6,2.0
SH151,요약재무상태표(부채 및 자본(23.3월 이후)),F11,3,F1,2.0
SH151,요약재무상태표(부채 및 자본(23.3월 이후)),F12,3,F1,2.0
SH151,요약재무상태표(부채 및 자본(23.3월 이후)),F1A,3,F1,2.0
SH151,요약재무상태표(부채 및 자본(23.3월 이후)),F1B,3,F1,2.0
SH151,요약재무상태표(부채 및 자본(23.3월 이후)),F21,3,F2,2.0
SH151,요약재무상태표(부채 및 자본(23.3월 이후)),F22,3,F2,2.0
SH151,요약재무상태표(부채 및 자본(23.3월 이후)),F23,3,F2,2.0
SH151,요약재무상태표(부채 및 자본(23.3월 이후)),F24,3,F2,2.0
SH151,요약재무상태표(부채 및 자본(23.3월 이후)),F31,3,F3,2.0
SH151,요약재무상태표(부채 및 자본(23.3월 이후)),F32,3,F3,2.0
SH151,요약재무상태표(부채 및 자본(23.3월 이후)),F41,3,F4,2.0
SH151,요약재무상태표(부채 및 자본(23.3월 이후)),F42,3,F4,2.0
SH151,요약재무상태표(부채 및 자본(23.3월 이후)),F43,3,F4,2.0
SH151,요약재무상태표(부채 및 자본(23.3월 이후)),F44,3,F4,2.0
SH151,요약재무상태표(부채 및 자본(23.3월 이후)),F45,3,F4,2.0
SH151,요약재무상태표(부채 및 자본(23.3월 이후)),F46,3,F4,2.0
SH151,요약재무상태표(부채 및 자본(23.3월 이후)),F47,3,F4,2.0
SH151,요약재무상태표(부채 및 자본(23.3월 이후)),F48,3,F4,2.0
SH151,요약재무상태표(부채 및 자본(23.3월 이후)),F51,3,F5,2.0
SH151,요약재무상태표(부채 및 자본(23.3월 이후)),F52,3,F5,2.0
SH151,요약재무상태표(부채 및 자본(23.3월 이후)),F53,3,F5,2.0
SH151,요약재무상태표(부채 및 자본(23.3월 이후)),F61,3,F6,2.0
SH151,요약재무상태표(부채 및 자본(23.3월 이후)),F62,3,F6,2.0
SH151,요약재무상태표(부채 및 자본(23.3월 이후)),F63,3,F6,2.0
SH151,요약재무상태표(부채 및 자본(23.3월 이후)),F64,3,F6,2.0
SH151,요약재무상태표(부채 및 자본(23.3월 이후)),F65,3,F6,2.0
SH151,요약재무상태표(부채 및 자본(23.3월 이후)),F66,3,F6,2.0
SH151,요약재무상태표(부채 및 자본(23.3월 이후)),F67,3,F6,2.0
SH151,요약재무상태표(부채 및 자본(23.3월 이후)),F68,3,F6,2.0
SH151,요약재무상태표(부채 및 자본(23.3월 이후)),F69,3,F6,2.0
SH151,요약재무상태표(부채 및 자본(23.3월 이후)),F70,3,,
SH151,요약재무상태표(부채 및 자본(23.3월 이후)),AA,2,A,1.0
SH151,요약재무상태표(부채 및 자본(23.3월 이후)),AB,2,A,1.0
SH151,요약재무상태표(부채 및 자본(23.3월 이후)),AC,2,A,1.0
SH151,요약재무상태표(부채 및 자본(23.3월 이후)),AD,2,A,1.0
SH151,요약재무상태표(부채 및 자본(23.3월 이후)),AE,2,A,1.0
SH151,요약재무상태표(부채 및 자본(23.3월 이후)),AF,2,A,1.0
SH151,요약재무상태표(부채 및 자본(23.3월 이후)),AG,2,A,1.0
SH151,요약재무상태표(부채 및 자본(23.3월 이후)),AH,2,A,1.0
SH151,요약재무상태표(부채 및 자본(23.3월 이후)),AI,2,A,1.0
SH151,요약재무상태표(부채 및 자본(23.3월 이후)),B1,2,B,1.0
SH151,요약재무상태표(부채 및 자본(23.3월 이후)),B2,2,B,1.0
SH151,요약재무상태표(부채 및 자본(23.3월 이후)),B3,2,B,1.0
SH151,요약재무상태표(부채 및 자본(23.3월 이후)),C1,2,C,1.0
SH151,요약재무상태표(부채 및 자본(23.3월 이후)),C2,2,C,1.0
SH151,요약재무상태표(부채 및 자본(23.3월 이후)),C3,2,C,1.0
SH151,요약재무상태표(부채 및 자본(23.3월 이후)),C4,2,C,1.0
SH151,요약재무상태표(부채 및 자본(23.3월 이후)),C5,2,C,1.0
SH151,요약재무상태표(부채 및 자본(23.3월 이후)),D1,2,D,1.0
SH151,요약재무상태표(부채 및 자본(23.3월 이후)),D2,2,D,1.0
SH151,요약재무상태표(부채 및 자본(23.3월 이후)),D3,2,D,1.0
SH151,요약재무상태표(부채 및 자본(23.3월 이후)),D4,2,D,1.0
SH151,요약재무상태표(부채 및 자본(23.3월 이후)),D5,2,D,1.0
SH151,요약재무상태표(부채 및 자본(23.3월 이후)),D6,2,D,1.0
SH151,요약재무상태표(부채 및 자본(23.3월 이후)),D7,2,D,1.0
SH151,요약재무상태표(부채 및 자본(23.3월 이후)),D8,2,D,1.0
SH151,요약재무상태표(부채 및 자본(23.3월 이후)),D9,2,D,1.0
SH151,요약재무상태표(부채 및 자본(23.3월 이후)),DA,2,D,1.0
SH151,요약재무상태표(부채 및 자본(23.3월 이후)),E1,2,E,1.0
SH151,요약재무상태표(부채 및 자본(23.3월 이후)),E2,2,E,1.0
SH151,요약재무상태표(부채 및 자본(23.3월 이후)),E3,2,E,1.0
SH151,요약재무상태표(부채 및 자본(23.3월 이후)),E4,2,E,1.0
SH151,요약재무상태표(부채 및 자본(23.3월 이후)),F1,2,F,1.0
SH151,요약재무상태표(부채 및 자본(23.3월 이후)),F2,2,F,1.0
SH151,요약재무상태표(부채 및 자본(23.3월 이후)),F3,2,F,1.0
SH151,요약재무상태표(부채 및 자본(23.3월 이후)),F4,2,F,1.0
SH151,요약재무상태표(부채 및 자본(23.3월 이후)),F5,2,F,1.0
SH151,요약재무상태표(부채 및 자본(23.3월 이후)),F6,2,F,1.0
SH151,요약재무상태표(부채 및 자본(23.3월 이후)),A,1,,
SH151,요약재무상태표(부채 및 자본(23.3월 이후)),B,1,,
SH151,요약재무상태표(부채 및 자본(23.3월 이후)),C,1,,
SH151,요약재무상태표(부채 및 자본(23.3월 이후)),D,1,,
SH151,요약재무상태표(부채 및 자본(23.3월 이후)),E,1,,
SH151,요약재무상태표(부채 및 자본(23.3월 이후)),F,1,,
SH151,요약재무상태표(부채 및 자본(23.3월 이후)),G,1,,
SH152,요약재무상태표(자산-실적배당형 특별계정(23.3월 이후)),A11,3,A1,2.0
SH152,요약재무상태표(자산-실적배당형 특별계정(23.3월 이후)),A12,3,A1,2.0
SH152,요약재무상태표(자산-실적배당형 특별계정(23.3월 이후)),A13,3,A1,2.0
SH152,요약재무상태표(자산-실적배당형 특별계정(23.3월 이후)),A14,3,A1,2.0
SH152,요약재무상태표(자산-실적배당형 특별계정(23.3월 이후)),A15,3,A1,2.0
SH152,요약재무상태표(자산-실적배당형 특별계정(23.3월 이후)),A16,3,A1,2.0
SH152,요약재무상태표(자산-실적배당형 특별계정(23.3월 이후)),A17,3,A1,2.0
SH152,요약재무상태표(자산-실적배당형 특별계정(23.3월 이후)),A21,3,A2,2.0
SH152,요약재무상태표(자산-실적배당형 특별계정(23.3월 이후)),A22,3,A2,2.0
SH152,요약재무상태표(자산-실적배당형 특별계정(23.3월 이후)),A23,3,A2,2.0
SH152,요약재무상태표(자산-실적배당형 특별계정(23.3월 이후)),A24,3,A2,2.0
SH152,요약재무상태표(자산-실적배당형 특별계정(23.3월 이후)),A25,3,A2,2.0
SH152,요약재무상태표(자산-실적배당형 특별계정(23.3월 이후)),A31,3,A3,2.0
SH152,요약재무상태표(자산-실적배당형 특별계정(23.3월 이후)),A32,3,A3,2.0
SH152,요약재무상태표(자산-실적배당형 특별계정(23.3월 이후)),A33,3,A3,2.0
SH152,요약재무상태표(자산-실적배당형 특별계정(23.3월 이후)),A34,3,A3,2.0
SH152,요약재무상태표(자산-실적배당형 특별계정(23.3월 이후)),A35,3,A3,2.0
SH152,요약재무상태표(자산-실적배당형 특별계정(23.3월 이후)),A36,3,A3,2.0
SH152,요약재무상태표(자산-실적배당형 특별계정(23.3월 이후)),A37,3,A3,2.0
SH152,요약재무상태표(자산-실적배당형 특별계정(23.3월 이후)),A38,3,A3,2.0
SH152,요약재무상태표(자산-실적배당형 특별계정(23.3월 이후)),A39,3,A3,2.0
SH152,요약재무상태표(자산-실적배당형 특별계정(23.3월 이후)),A40,3,A4,2.0
SH152,요약재무상태표(자산-실적배당형 특별계정(23.3월 이후)),A41,3,A4,2.0
SH152,요약재무상태표(자산-실적배당형 특별계정(23.3월 이후)),A51,3,A5,2.0
SH152,요약재무상태표(자산-실적배당형 특별계정(23.3월 이후)),A52,3,A5,2.0
SH152,요약재무상태표(자산-실적배당형 특별계정(23.3월 이후)),A53,3,A5,2.0
SH152,요약재무상태표(자산-실적배당형 특별계정(23.3월 이후)),A54,3,A5,2.0
SH152,요약재무상태표(자산-실적배당형 특별계정(23.3월 이후)),A55,3,A5,2.0
SH152,요약재무상태표(자산-실적배당형 특별계정(23.3월 이후)),A56,3,A5,2.0
SH152,요약재무상태표(자산-실적배당형 특별계정(23.3월 이후)),A57,3,A5,2.0
SH152,요약재무상태표(자산-실적배당형 특별계정(23.3월 이후)),A1,2,A,1.0
SH152,요약재무상태표(자산-실적배당형 특별계정(23.3월 이후)),A2,2,A,1.0
SH152,요약재무상태표(자산-실적배당형 특별계정(23.3월 이후)),A3,2,A,1.0
SH152,요약재무상태표(자산-실적배당형 특별계정(23.3월 이후)),A4,2,A,1.0
SH152,요약재무상태표(자산-실적배당형 특별계정(23.3월 이후)),A5,2,A,1.0
SH152,요약재무상태표(자산-실적배당형 특별계정(23.3월 이후)),A6,2,A,1.0
SH152,요약재무상태표(자산-실적배당형 특별계정(23.3월 이후)),A,1,,
SH153,요약재무상태표(부채 및 자본-실적배당형 특별계정(23.3월 이후)),A11,3,A1,2.0
SH153,요약재무상태표(부채 및 자본-실적배당형 특별계정(23.3월 이후)),A12,3,A1,2.0
SH153,요약재무상태표(부채 및 자본-실적배당형 특별계정(23.3월 이후)),A13,3,A1,2.0
SH153,요약재무상태표(부채 및 자본-실적배당형 특별계정(23.3월 이후)),A14,3,A1,2.0
SH153,요약재무상태표(부채 및 자본-실적배당형 특별계정(23.3월 이후)),A15,3,A1,2.0
SH153,요약재무상태표(부채 및 자본-실적배당형 특별계정(23.3월 이후)),A16,3,A1,2.0
SH153,요약재무상태표(부채 및 자본-실적배당형 특별계정(23.3월 이후)),A17,3,A1,2.0
SH153,요약재무상태표(부채 및 자본-실적배당형 특별계정(23.3월 이후)),A18,3,A1,2.0
SH153,요약재무상태표(부채 및 자본-실적배당형 특별계정(23.3월 이후)),A19,3,A1,2.0
SH153,요약재무상태표(부채 및 자본-실적배당형 특별계정(23.3월 이후)),A3A,3,A3,2.0
SH153,요약재무상태표(부채 및 자본-실적배당형 특별계정(23.3월 이후)),A3B,3,A3,2.0
SH153,요약재무상태표(부채 및 자본-실적배당형 특별계정(23.3월 이후)),A1,2,A,1.0
SH153,요약재무상태표(부채 및 자본-실적배당형 특별계정(23.3월 이후)),A2,2,A,1.0
SH153,요약재무상태표(부채 및 자본-실적배당형 특별계정(23.3월 이후)),A3,2,A,1.0
SH153,요약재무상태표(부채 및 자본-실적배당형 특별계정(23.3월 이후)),A,1,,
SH154,요약손익계산서(전체(23.3월 이후)),BB111,5,BB11,4.0
SH154,요약손익계산서(전체(23.3월 이후)),BB112,5,BB11,4.0
SH154,요약손익계산서(전체(23.3월 이후)),BB121,5,BB12,4.0
SH154,요약손익계산서(전체(23.3월 이후)),BB122,5,BB12,4.0
SH154,요약손익계산서(전체(23.3월 이후)),BB123,5,BB12,4.0
SH154,요약손익계산서(전체(23.3월 이후)),BB124,5,BB12,4.0
SH154,요약손익계산서(전체(23.3월 이후)),BB125,5,BB12,4.0
SH154,요약손익계산서(전체(23.3월 이후)),BB126,5,BB12,4.0
SH154,요약손익계산서(전체(23.3월 이후)),BB127,5,BB12,4.0
SH154,요약손익계산서(전체(23.3월 이후)),BB161,5,BB16,4.0
SH154,요약손익계산서(전체(23.3월 이후)),BB162,5,BB16,4.0
SH154,요약손익계산서(전체(23.3월 이후)),BB163,5,BB16,4.0
SH154,요약손익계산서(전체(23.3월 이후)),BB164,5,BB16,4.0
SH154,요약손익계산서(전체(23.3월 이후)),BB165,5,BB16,4.0
SH154,요약손익계산서(전체(23.3월 이후)),BB166,5,BB16,4.0
SH154,요약손익계산서(전체(23.3월 이후)),BB181,5,BB18,4.0
SH154,요약손익계산서(전체(23.3월 이후)),BB182,5,BB18,4.0
SH154,요약손익계산서(전체(23.3월 이후)),BB201,5,BB20,4.0
SH154,요약손익계산서(전체(23.3월 이후)),BB202,5,BB20,4.0
SH154,요약손익계산서(전체(23.3월 이후)),BB203,5,BB20,4.0
SH154,요약손익계산서(전체(23.3월 이후)),BB204,5,BB20,4.0
SH154,요약손익계산서(전체(23.3월 이후)),B111,4,B11,3.0
SH154,요약손익계산서(전체(23.3월 이후)),B112,4,B11,3.0
SH154,요약손익계산서(전체(23.3월 이후)),B121,4,B12,3.0
SH154,요약손익계산서(전체(23.3월 이후)),B122,4,B12,3.0
SH154,요약손익계산서(전체(23.3월 이후)),B123,4,B12,3.0
SH154,요약손익계산서(전체(23.3월 이후)),B124,4,B12,3.0
SH154,요약손익계산서(전체(23.3월 이후)),B125,4,B12,3.0
SH154,요약손익계산서(전체(23.3월 이후)),B126,4,B12,3.0
SH154,요약손익계산서(전체(23.3월 이후)),B131,4,B13,3.0
SH154,요약손익계산서(전체(23.3월 이후)),B132,4,B13,3.0
SH154,요약손익계산서(전체(23.3월 이후)),B133,4,B13,3.0
SH154,요약손익계산서(전체(23.3월 이후)),B134,4,B13,3.0
SH154,요약손익계산서(전체(23.3월 이후)),B161,4,B16,3.0
SH154,요약손익계산서(전체(23.3월 이후)),B162,4,B16,3.0
SH154,요약손익계산서(전체(23.3월 이후)),B163,4,B16,3.0
SH154,요약손익계산서(전체(23.3월 이후)),B164,4,B16,3.0
SH154,요약손익계산서(전체(23.3월 이후)),B165,4,B16,3.0
SH154,요약손익계산서(전체(23.3월 이후)),B166,4,B16,3.0
SH154,요약손익계산서(전체(23.3월 이후)),B181,4,B18,3.0
SH154,요약손익계산서(전체(23.3월 이후)),B182,4,B18,3.0
SH154,요약손익계산서(전체(23.3월 이후)),BB11,4,BB1,3.0
SH154,요약손익계산서(전체(23.3월 이후)),BB12,4,BB1,3.0
SH154,요약손익계산서(전체(23.3월 이후)),BB13,4,BB1,3.0
SH154,요약손익계산서(전체(23.3월 이후)),BB14,4,BB1,3.0
SH154,요약손익계산서(전체(23.3월 이후)),BB15,4,BB1,3.0
SH154,요약손익계산서(전체(23.3월 이후)),BB16,4,BB1,3.0
SH154,요약손익계산서(전체(23.3월 이후)),BB17,4,BB1,3.0
SH154,요약손익계산서(전체(23.3월 이후)),BB18,4,BB1,3.0
SH154,요약손익계산서(전체(23.3월 이후)),BB19,4,BB1,3.0
SH154,요약손익계산서(전체(23.3월 이후)),BB20,4,,
SH154,요약손익계산서(전체(23.3월 이후)),BB21,4,,
SH154,요약손익계산서(전체(23.3월 이후)),BB22,4,,
SH154,요약손익계산서(전체(23.3월 이후)),BB23,4,,
SH154,요약손익계산서(전체(23.3월 이후)),BB24,4,,
SH154,요약손익계산서(전체(23.3월 이후)),BB25,4,,
SH154,요약손익계산서(전체(23.3월 이후)),BB26,4,,
SH154,요약손익계산서(전체(23.3월 이후)),BB27,4,,
SH154,요약손익계산서(전체(23.3월 이후)),BB28,4,,
SH154,요약손익계산서(전체(23.3월 이후)),BB29,4,,
SH154,요약손익계산서(전체(23.3월 이후)),BB30,4,,
SH154,요약손익계산서(전체(23.3월 이후)),BB31,4,,
SH154,요약손익계산서(전체(23.3월 이후)),BB32,4,,
SH154,요약손익계산서(전체(23.3월 이후)),BB33,4,,
SH154,요약손익계산서(전체(23.3월 이후)),A11,3,A1,2.0
SH154,요약손익계산서(전체(23.3월 이후)),A12,3,A1,2.0
SH154,요약손익계산서(전체(23.3월 이후)),A21,3,A2,2.0
SH154,요약손익계산서(전체(23.3월 이후)),A22,3,A2,2.0
SH154,요약손익계산서(전체(23.3월 이후)),A31,3,A3,2.0
SH154,요약손익계산서(전체(23.3월 이후)),A32,3,A3,2.0
SH154,요약손익계산서(전체(23.3월 이후)),A41,3,A4,2.0
SH154,요약손익계산서(전체(23.3월 이후)),A42,3,A4,2.0
SH154,요약손익계산서(전체(23.3월 이후)),B11,3,B1,2.0
SH154,요약손익계산서(전체(23.3월 이후)),B12,3,B1,2.0
SH154,요약손익계산서(전체(23.3월 이후)),B13,3,B1,2.0
SH154,요약손익계산서(전체(23.3월 이후)),B14,3,B1,2.0
SH154,요약손익계산서(전체(23.3월 이후)),B15,3,B1,2.0
SH154,요약손익계산서(전체(23.3월 이후)),B16,3,B1,2.0
SH154,요약손익계산서(전체(23.3월 이후)),B17,3,B1,2.0
SH154,요약손익계산서(전체(23.3월 이후)),B18,3,B1,2.0
SH154,요약손익계산서(전체(23.3월 이후)),B19,3,B1,2.0
SH154,요약손익계산서(전체(23.3월 이후)),B20,3,,
SH154,요약손익계산서(전체(23.3월 이후)),B21,3,,
SH154,요약손익계산서(전체(23.3월 이후)),B22,3,,
SH154,요약손익계산서(전체(23.3월 이후)),B23,3,,
SH154,요약손익계산서(전체(23.3월 이후)),B24,3,,
SH154,요약손익계산서(전체(23.3월 이후)),B25,3,,
SH154,요약손익계산서(전체(23.3월 이후)),B26,3,,
SH154,요약손익계산서(전체(23.3월 이후)),B27,3,,
SH154,요약손익계산서(전체(23.3월 이후)),B28,3,,
SH154,요약손익계산서(전체(23.3월 이후)),B29,3,,
SH154,요약손익계산서(전체(23.3월 이후)),B30,3,,
SH154,요약손익계산서(전체(23.3월 이후)),B31,3,,
SH154,요약손익계산서(전체(23.3월 이후)),B32,3,,
SH154,요약손익계산서(전체(23.3월 이후)),B33,3,,
SH154,요약손익계산서(전체(23.3월 이후)),BB1,3,,
SH154,요약손익계산서(전체(23.3월 이후)),D11,3,D1,2.0
SH154,요약손익계산서(전체(23.3월 이후)),D12,3,D1,2.0
SH154,요약손익계산서(전체(23.3월 이후)),D13,3,D1,2.0
SH154,요약손익계산서(전체(23.3월 이후)),D14,3,D1,2.0
SH154,요약손익계산서(전체(23.3월 이후)),D15,3,D1,2.0
SH154,요약손익계산서(전체(23.3월 이후)),D16,3,D1,2.0
SH154,요약손익계산서(전체(23.3월 이후)),D17,3,D1,2.0
SH154,요약손익계산서(전체(23.3월 이후)),D18,3,D1,2.0
SH154,요약손익계산서(전체(23.3월 이후)),D21,3,D2,2.0
SH154,요약손익계산서(전체(23.3월 이후)),D22,3,D2,2.0
SH154,요약손익계산서(전체(23.3월 이후)),D23,3,D2,2.0
SH154,요약손익계산서(전체(23.3월 이후)),D24,3,D2,2.0
SH154,요약손익계산서(전체(23.3월 이후)),D25,3,D2,2.0
SH154,요약손익계산서(전체(23.3월 이후)),D26,3,D2,2.0
SH154,요약손익계산서(전체(23.3월 이후)),D27,3,D2,2.0
SH154,요약손익계산서(전체(23.3월 이후)),D28,3,D2,2.0
SH154,요약손익계산서(전체(23.3월 이후)),H10,3,H1,2.0
SH154,요약손익계산서(전체(23.3월 이후)),A1,2,A,1.0
SH154,요약손익계산서(전체(23.3월 이후)),A2,2,A,1.0
SH154,요약손익계산서(전체(23.3월 이후)),A3,2,A,1.0
SH154,요약손익계산서(전체(23.3월 이후)),A4,2,A,1.0
SH154,요약손익계산서(전체(23.3월 이후)),A5,2,A,1.0
SH154,요약손익계산서(전체(23.3월 이후)),B1,2,B,1.0
SH154,요약손익계산서(전체(23.3월 이후)),D1,2,D,1.0
SH154,요약손익계산서(전체(23.3월 이후)),D2,2,D,1.0
SH154,요약손익계산서(전체(23.3월 이후)),G1,2,G,1.0
SH154,요약손익계산서(전체(23.3월 이후)),G2,2,G,1.0
SH154,요약손익계산서(전체(23.3월 이후)),G3,2,G,1.0
SH154,요약손익계산서(전체(23.3월 이후)),G4,2,G,1.0
SH154,요약손익계산서(전체(23.3월 이후)),G5,2,G,1.0
SH154,요약손익계산서(전체(23.3월 이후)),G6,2,G,1.0
SH154,요약손익계산서(전체(23.3월 이후)),H1,2,H,1.0
SH154,요약손익계산서(전체(23.3월 이후)),H2,2,H,1.0
SH154,요약손익계산서(전체(23.3월 이후)),H3,2,H,1.0
SH154,요약손익계산서(전체(23.3월 이후)),H4,2,H,1.0
SH154,요약손익계산서(전체(23.3월 이후)),H5,2,H,1.0
SH154,요약손익계산서(전체(23.3월 이후)),H6,2,H,1.0
SH154,요약손익계산서(전체(23.3월 이후)),H7,2,H,1.0
SH154,요약손익계산서(전체(23.3월 이후)),H8,2,H,1.0
SH154,요약손익계산서(전체(23.3월 이후)),H9,2,H,1.0
SH154,요약손익계산서(전체(23.3월 이후)),A,1,,
SH154,요약손익계산서(전체(23.3월 이후)),B,1,,
SH154,요약손익계산서(전체(23.3월 이후)),C,1,,
SH154,요약손익계산서(전체(23.3월 이후)),D,1,,
SH154,요약손익계산서(전체(23.3월 이후)),E,1,,
SH154,요약손익계산서(전체(23.3월 이후)),F,1,,
SH154,요약손익계산서(전체(23.3월 이후)),G,1,,
SH154,요약손익계산서(전체(23.3월 이후)),H,1,,
SH154,요약손익계산서(전체(23.3월 이후)),I,1,,
SH155,손익발생원천별 실적(23.3월 이후),A1,2,A,1.0
SH155,손익발생원천별 실적(23.3월 이후),A2,2,A,1.0
SH155,손익발생원천별 실적(23.3월 이후),A3,2,A,1.0
SH155,손익발생원천별 실적(23.3월 이후),A4,2,A,1.0
SH155,손익발생원천별 실적(23.3월 이후),A5,2,A,1.0
SH155,손익발생원천별 실적(23.3월 이후),B1,2,B,1.0
SH155,손익발생원천별 실적(23.3월 이후),B2,2,B,1.0
SH155,손익발생원천별 실적(23.3월 이후),D1,2,D,1.0
SH155,손익발생원천별 실적(23.3월 이후),D2,2,D,1.0
SH155,손익발생원천별 실적(23.3월 이후),A,1,,
SH155,손익발생원천별 실적(23.3월 이후),B,1,,
SH155,손익발생원천별 실적(23.3월 이후),C,1,,
SH155,손익발생원천별 실적(23.3월 이후),D,1,,
SH155,손익발생원천별 실적(23.3월 이후),E,1,,
SH155,손익발생원천별 실적(23.3월 이후),F,1,,
SH155,손익발생원천별 실적(23.3월 이후),G,1,,
SH156,책임준비금 적립현황(23.3월 이후),A111,4,A11,3.0
SH156,책임준비금 적립현황(23.3월 이후),A112,4,A11,3.0
SH156,책임준비금 적립현황(23.3월 이후),A113,4,A11,3.0
SH156,책임준비금 적립현황(23.3월 이후),A114,4,A11,3.0
SH156,책임준비금 적립현황(23.3월 이후),A121,4,A12,3.0
SH156,책임준비금 적립현황(23.3월 이후),A122,4,A12,3.0
SH156,책임준비금 적립현황(23.3월 이후),A211,4,A21,3.0
SH156,책임준비금 적립현황(23.3월 이후),A212,4,A21,3.0
SH156,책임준비금 적립현황(23.3월 이후),A213,4,A21,3.0
SH156,책임준비금 적립현황(23.3월 이후),A214,4,A21,3.0
SH156,책임준비금 적립현황(23.3월 이후),A221,4,A22,3.0
SH156,책임준비금 적립현황(23.3월 이후),A222,4,A22,3.0
SH156,책임준비금 적립현황(23.3월 이후),A11,3,A1,2.0
SH156,책임준비금 적립현황(23.3월 이후),A12,3,A1,2.0
SH156,책임준비금 적립현황(23.3월 이후),A13,3,A1,2.0
SH156,책임준비금 적립현황(23.3월 이후),A21,3,A2,2.0
SH156,책임준비금 적립현황(23.3월 이후),A22,3,A2,2.0
SH156,책임준비금 적립현황(23.3월 이후),A1,2,A,1.0
SH156,책임준비금 적립현황(23.3월 이후),A2,2,A,1.0
SH156,책임준비금 적립현황(23.3월 이후),A3,2,A,1.0
SH156,책임준비금 적립현황(23.3월 이후),A,1,,
SH157,유가증권 투자현황(일반계정)(당기손익-공정가치측정 유가증권(23.3월 이후)),A1,2,A,1.0
SH157,유가증권 투자현황(일반계정)(당기손익-공정가치측정 유가증권(23.3월 이후)),A2,2,A,1.0
SH157,유가증권 투자현황(일반계정)(당기손익-공정가치측정 유가증권(23.3월 이후)),A3,2,A,1.0
SH157,유가증권 투자현황(일반계정)(당기손익-공정가치측정 유가증권(23.3월 이후)),A4,2,A,1.0
SH157,유가증권 투자현황(일반계정)(당기손익-공정가치측정 유가증권(23.3월 이후)),A5,2,A,1.0
SH157,유가증권 투자현황(일반계정)(당기손익-공정가치측정 유가증권(23.3월 이후)),A6,2,A,1.0
SH157,유가증권 투자현황(일반계정)(당기손익-공정가치측정 유가증권(23.3월 이후)),A,1,,
SH158,유가증권 투자현황(일반계정)(기타포괄손익-공정가치측정 유가증권(23.3월 이후)),A1,2,A,1.0
SH158,유가증권 투자현황(일반계정)(기타포괄손익-공정가치측정 유가증권(23.3월 이후)),A2,2,A,1.0
SH158,유가증권 투자현황(일반계정)(기타포괄손익-공정가치측정 유가증권(23.3월 이후)),A3,2,A,1.0
SH158,유가증권 투자현황(일반계정)(기타포괄손익-공정가치측정 유가증권(23.3월 이후)),A4,2,A,1.0
SH158,유가증권 투자현황(일반계정)(기타포괄손익-공정가치측정 유가증권(23.3월 이후)),A5,2,A,1.0
SH158,유가증권 투자현황(일반계정)(기타포괄손익-공정가치측정 유가증권(23.3월 이후)),A6,2,A,1.0
SH158,유가증권 투자현황(일반계정)(기타포괄손익-공정가치측정 유가증권(23.3월 이후)),A,1,,
SH159,유가증권 투자현황(일반계정)(상각후원가측정 유가증권(23.3월 이후)),A1,2,A,1.0
SH159,유가증권 투자현황(일반계정)(상각후원가측정 유가증권(23.3월 이후)),A2,2,A,1.0
SH159,유가증권 투자현황(일반계정)(상각후원가측정 유가증권(23.3월 이후)),A3,2,A,1.0
SH159,유가증권 투자현황(일반계정)(상각후원가측정 유가증권(23.3월 이후)),A4,2,A,1.0
SH159,유가증권 투자현황(일반계정)(상각후원가측정 유가증권(23.3월 이후)),A5,2,A,1.0
SH159,유가증권 투자현황(일반계정)(상각후원가측정 유가증권(23.3월 이후)),A,1,,
SH160,신계약(23.3월 이후),A111A,5,A111,4.0
SH160,신계약(23.3월 이후),A111,4,A11,3.0
SH160,신계약(23.3월 이후),A112,4,A11,3.0
SH160,신계약(23.3월 이후),A11,3,A1,2.0
SH160,신계약(23.3월 이후),A12,3,A1,2.0
SH160,신계약(23.3월 이후),A1,2,A,1.0
SH160,신계약(23.3월 이후),A2,2,A,1.0
SH160,신계약(23.3월 이후),B1,2,B,1.0
SH160,신계약(23.3월 이후),B2,2,B,1.0
SH160,신계약(23.3월 이후),B3,2,B,1.0
SH160,신계약(23.3월 이후),B4,2,B,1.0
SH160,신계약(23.3월 이후),B5,2,B,1.0
SH160,신계약(23.3월 이후),A,1,,
SH160,신계약(23.3월 이후),B,1,,
SH160,신계약(23.3월 이후),C,1,,
SH161,보유계약(23.3월 이후),A111A,5,A111,4.0
SH161,보유계약(23.3월 이후),A111,4,A11,3.0
SH161,보유계약(23.3월 이후),A112,4,A11,3.0
SH161,보유계약(23.3월 이후),A11,3,A1,2.0
SH161,보유계약(23.3월 이후),A12,3,A1,2.0
SH161,보유계약(23.3월 이후),A1,2,A,1.0
SH161,보유계약(23.3월 이후),A2,2,A,1.0
SH161,보유계약(23.3월 이후),B1,2,B,1.0
SH161,보유계약(23.3월 이후),B2,2,B,1.0
SH161,보유계약(23.3월 이후),B3,2,B,1.0
SH161,보유계약(23.3월 이후),B4,2,B,1.0
SH161,보유계약(23.3월 이후),B5,2,B,1.0
SH161,보유계약(23.3월 이후),A,1,,
SH161,보유계약(23.3월 이후),B,1,,
SH161,보유계약(23.3월 이후),C,1,,
SH162,보험금 현황(일반계정(23.3월 이후)),A1,2,A,1.0
SH162,보험금 현황(일반계정(23.3월 이후)),A2,2,A,1.0
SH162,보험금 현황(일반계정(23.3월 이후)),A3,2,A,1.0
SH162,보험금 현황(일반계정(23.3월 이후)),A4,2,A,1.0
SH162,보험금 현황(일반계정(23.3월 이후)),A,1,,
SH163,보험금 현황(특별계정(23.3월 이후)),A1,2,A,1.0
SH163,보험금 현황(특별계정(23.3월 이후)),A2,2,A,1.0
SH163,보험금 현황(특별계정(23.3월 이후)),A3,2,A,1.0
SH163,보험금 현황(특별계정(23.3월 이후)),A4,2,A,1.0
SH163,보험금 현황(특별계정(23.3월 이후)),A,1,,
SH164,환급금 현황(일반계정(23.3월 이후)),A1,2,A,1.0
SH164,환급금 현황(일반계정(23.3월 이후)),A2,2,A,1.0
SH164,환급금 현황(일반계정(23.3월 이후)),A3,2,A,1.0
SH164,환급금 현황(일반계정(23.3월 이후)),A,1,,
SH165,환급금 현황(특별계정(23.3월 이후)),A1,2,A,1.0
SH165,환급금 현황(특별계정(23.3월 이후)),A2,2,A,1.0
SH165,환급금 현황(특별계정(23.3월 이후)),A3,2,A,1.0
SH165,환급금 현황(특별계정(23.3월 이후)),A,1,,
SH166,보험료수입(23.3월 이후),A111A,5,A111,4.0
SH166,보험료수입(23.3월 이후),A111,4,A11,3.0
SH166,보험료수입(23.3월 이후),A112,4,A11,3.0
SH166,보험료수입(23.3월 이후),A11,3,A1,2.0
SH166,보험료수입(23.3월 이후),A12,3,A1,2.0
SH166,보험료수입(23.3월 이후),A1,2,A,1.0
SH166,보험료수입(23.3월 이후),A2,2,A,1.0
SH166,보험료수입(23.3월 이후),B1,2,B,1.0
SH166,보험료수입(23.3월 이후),B2,2,B,1.0
SH166,보험료수입(23.3월 이후),B3,2,B,1.0
SH166,보험료수입(23.3월 이후),B4,2,B,1.0
SH166,보험료수입(23.3월 이후),B5,2,B,1.0
SH166,보험료수입(23.3월 이후),A,1,,
SH166,보험료수입(23.3월 이후),B,1,,
SH166,보험료수입(23.3월 이후),C,1,,
SH167,지급보험금(23.3월 이후),A111A,5,A111,4.0
SH167,지급보험금(23.3월 이후),A111,4,A11,3.0
SH167,지급보험금(23.3월 이후),A112,4,A11,3.0
SH167,지급보험금(23.3월 이후),A11,3,A1,2.0
SH167,지급보험금(23.3월 이후),A12,3,A1,2.0
SH167,지급보험금(23.3월 이후),A1,2,A,1.0
SH167,지급보험금(23.3월 이후),A2,2,A,1.0
SH167,지급보험금(23.3월 이후),B1,2,B,1.0
SH167,지급보험금(23.3월 이후),B2,2,B,1.0
SH167,지급보험금(23.3월 이후),B3,2,B,1.0
SH167,지급보험금(23.3월 이후),B4,2,B,1.0
SH167,지급보험금(23.3월 이후),B5,2,B,1.0
SH167,지급보험금(23.3월 이후),A,1,,
SH167,지급보험금(23.3월 이후),B,1,,
SH167,지급보험금(23.3월 이후),C,1,,
SH169,용도별 대출채권(보험계약대출(23.3월 이후)),A1,2,A,1.0
SH169,용도별 대출채권(보험계약대출(23.3월 이후)),A2,2,A,1.0
SH169,용도별 대출채권(보험계약대출(23.3월 이후)),A3,2,A,1.0
SH169,용도별 대출채권(보험계약대출(23.3월 이후)),A4,2,A,1.0
SH169,용도별 대출채권(보험계약대출(23.3월 이후)),A,1,,
